title,artists,album,inLibrary,likeStatus,duration,duration_seconds,videoId
Love Is Good for Anything That Ails You,Orlando and His Gleneagles Hotel Orchestra,Pennies from Heaven - Original Soundtrack to the BBC Tv Series,False,INDIFFERENT,2:31,151,iLqCAMoaDCs
Fanlight Fanny,George Formby,Leaning On A Lamp Post - Greatest Hits,False,INDIFFERENT,3:02,182,aPsnWtVSPt0
Mood Indigo (Piano Duet),"Arthur Young, Reginald Foresythe","The Serenades, Lullabyes and Melancholia of Reginald Foresythe",False,INDIFFERENT,2:52,172,QFrUp-PWszE
Solitude (Piano Duet),"Arthur Young, Reginald Foresythe","The Serenades, Lullabyes and Melancholia of Reginald Foresythe",False,INDIFFERENT,2:50,170,M-pyBpOM11M
Volcanic (Eruption for Orchestra),Reginald Foresythe,"The Serenades, Lullabyes and Melancholia of Reginald Foresythe",False,INDIFFERENT,2:58,178,wxZqQJy5sGw
Bit,Reginald Foresythe,"The Serenades, Lullabyes and Melancholia of Reginald Foresythe",False,INDIFFERENT,2:47,167,RTR5PQDNLH0
The Greener the Grass,Reginald Foresythe,"The Serenades, Lullabyes and Melancholia of Reginald Foresythe",False,INDIFFERENT,2:58,178,yPl2Hr-SI4c
Revolt of the Yes-Men,Reginald Foresythe,"The Serenades, Lullabyes and Melancholia of Reginald Foresythe",False,INDIFFERENT,2:41,161,jlpiCxV4TE0
Lullaby (For Mildred Bailey),Reginald Foresythe,"The Serenades, Lullabyes and Melancholia of Reginald Foresythe",False,INDIFFERENT,3:18,198,0A8iQB8AvAo
St. Louis Blues (Solo Piano),Reginald Foresythe,"The Serenades, Lullabyes and Melancholia of Reginald Foresythe",False,INDIFFERENT,2:58,178,-Ri2Vn8-MRk
Lament for Congo (A Hymn to Darkness #2),Reginald Foresythe,"The Serenades, Lullabyes and Melancholia of Reginald Foresythe",False,INDIFFERENT,2:53,173,8yvpEC_Ybr4
Deep Forest (A Hymn to Darkness #1),Reginald Foresythe,"The Serenades, Lullabyes and Melancholia of Reginald Foresythe",False,INDIFFERENT,3:05,185,pGG2HHmV0qM
Berceuse for an Unwanted Child,Reginald Foresythe,"The Serenades, Lullabyes and Melancholia of Reginald Foresythe",False,INDIFFERENT,2:46,166,1wWGIYctx-k
Follow the Sun (Piano Duet),"Arthur Young, Reginald Foresythe","The Serenades, Lullabyes and Melancholia of Reginald Foresythe",False,INDIFFERENT,2:41,161,aDfQwrUWdws
The Duke Insists,Reginald Foresythe,"The Serenades, Lullabyes and Melancholia of Reginald Foresythe",False,INDIFFERENT,2:44,164,NcOE-KHSxc0
The Melancholy Clown,Reginald Foresythe,"The Serenades, Lullabyes and Melancholia of Reginald Foresythe",False,INDIFFERENT,2:49,169,x4CP1ZF4Y6k
The Autocrat Before Breakfast,Reginald Foresythe,"The Serenades, Lullabyes and Melancholia of Reginald Foresythe",False,INDIFFERENT,2:49,169,PwwpYtcJGQk
Because It's Love (For Elisabeth Welch) (Solo Piano),Reginald Foresythe,"The Serenades, Lullabyes and Melancholia of Reginald Foresythe",False,INDIFFERENT,3:13,193,PLyNN7rf14s
Burlesque,Reginald Foresythe,"The Serenades, Lullabyes and Melancholia of Reginald Foresythe",False,INDIFFERENT,2:47,167,Ni6pcRbFfRw
Garden of Weed,Reginald Foresythe,"The Serenades, Lullabyes and Melancholia of Reginald Foresythe",False,INDIFFERENT,2:51,171,NYs27CbFJvU
Angry Jungle,Reginald Foresythe,"The Serenades, Lullabyes and Melancholia of Reginald Foresythe",False,INDIFFERENT,2:45,165,0h3wIQNl6iI
Tonight at 8: 30 (Piano Duet),"Arthur Young, Reginald Foresythe","The Serenades, Lullabyes and Melancholia of Reginald Foresythe",False,INDIFFERENT,3:06,186,LSZwp_mzbfo
Dodging a Divorcee,Reginald Foresythe,"The Serenades, Lullabyes and Melancholia of Reginald Foresythe",False,INDIFFERENT,3:03,183,FZHJxAfCu60
Serenade for a Wealthy Widow,Reginald Foresythe,"The Serenades, Lullabyes and Melancholia of Reginald Foresythe",False,INDIFFERENT,2:52,172,yXT4qgGlElg
Tiger Rag (Piano Duet),"Arthur Young, Reginald Foresythe","The Serenades, Lullabyes and Melancholia of Reginald Foresythe",False,INDIFFERENT,2:30,150,ZgGWbBskUb8
Breaking Down,Mike Lawson & Friends,Evidence Concerning Apparitions,True,LIKE,4:00,240,uyEP5NKRQT0
Loretta,Townes Van Zandt,Flyin' Shoes,False,INDIFFERENT,3:56,236,9ZhYqYuhiys
Can't Help But Wonder Where I'm Bound (Acoustic),Moonalice,Mother & Child,False,INDIFFERENT,3:57,237,4S3as0jgjbE
Sally Goodin',Nat Keefe with The Bow Ties,Sally Goodin',False,INDIFFERENT,3:50,230,X_DgAiTRuSU
Our Life's Work,Chuck Darwin and The Knuckledraggers,Three Car Pileup,,LIKE,2:35,155,p2iKO2q8_8g
'39,Queen,A Night At The Opera (Deluxe Remastered Version),False,INDIFFERENT,3:31,211,Gkdi-vkMGz4
Beer Taste Good,Casey Donahew,Built Different,False,INDIFFERENT,3:11,191,s-sv27tIAQo
"Holland, 1945",Neutral Milk Hotel,In the Aeroplane Over the Sea,False,INDIFFERENT,3:12,192,3eNK38nmzw4
S.O.B.,Nathaniel Rateliff & The Night Sweats,Nathaniel Rateliff & The Night Sweats,False,DISLIKE,4:08,248,OhEWoKttcEI
Out On The Weekend (Live),Nathaniel Rateliff & The Night Sweats,Live At Red Rocks,False,INDIFFERENT,4:00,240,JT11y0bx7gs
All My Rowdy Friends Are Coming Over Tonight,"Hank Williams, Jr.",Major Moves,False,INDIFFERENT,2:58,178,kjgc90Yf0as
Rocky Top,Phish,Amsterdam,,INDIFFERENT,3:12,192,G7Xsla0GjWM
Call to Arms,Sturgill Simpson,A Sailor's Guide to Earth,True,LIKE,5:30,330,VuiR4AtH1fc
Around the World (Radio Edit),Daft Punk,Around the World,False,INDIFFERENT,4:02,242,ARfJ55bUAw0
Peach (Xtended Jam) (Live from One Nite Alone Tour...The Aftershow),Prince,One Nite Alone... The Aftershow: It Ain't Over! (Up Late with Prince & The NPG) (Live),,INDIFFERENT,11:20,680,s1TwexjiZMc
Alphabet Street (Live from One Nite Alone Tour...The Aftershow),Prince,One Nite Alone... The Aftershow: It Ain't Over! (Up Late with Prince & The NPG) (Live),,LIKE,2:56,176,vtsZQtkFb9U
Old Joe Clark,John Hartford,Morning Bugle,True,LIKE,5:53,353,2yneC-iAHWM
The Poor Old Prurient Interest Blues,John Hartford,John Hartford,False,INDIFFERENT,2:41,161,DM6R598w4XY
Honky Tonk Heroes,Waylon Jennings,Honky Tonk Heroes,False,INDIFFERENT,3:36,216,SRJhsYf-jok
She's All I Got,Johnny Paycheck,Columbia Country Classics - Volume 4: The Nashville Sound,False,INDIFFERENT,2:54,174,P_9ooCUgBWQ
Large Garbage Barge,Jacob Jolliff,The Jacob Jolliff Band,,LIKE,3:58,238,umeEbTDnwb0
Tweezer,Phish,"2023-12-30 New York, NY - Madison Square Garden (MTX)",,INDIFFERENT,13:11,791,0o9DhcyP0Yo
The Well >,Phish,"2023-12-30 New York, NY - Madison Square Garden (MTX)",,INDIFFERENT,6:23,383,7fhU-ExQTV0
Life Saving Gun,Phish,"2023-12-30 New York, NY - Madison Square Garden (MTX)",,INDIFFERENT,13:23,803,1Ft85g_s0v0
It’s Ice >,Phish,"2023-12-30 New York, NY - Madison Square Garden (MTX)",,INDIFFERENT,7:41,461,f0ES4ST-0UA
Train Song,Phish,"2023-12-30 New York, NY - Madison Square Garden (MTX)",,INDIFFERENT,2:47,167,lnfW_a75d-Y
Fuego >,Phish,"2023-12-30 New York, NY - Madison Square Garden (MTX)",,INDIFFERENT,16:38,998,7RAxFl4zp9w
Kill Devil Falls,Phish,"2023-12-30 New York, NY - Madison Square Garden (MTX)",,INDIFFERENT,8:25,505,yw6iO0CaVXw
Undermind,Phish,"2023-12-30 New York, NY - Madison Square Garden (MTX)",,INDIFFERENT,8:48,528,QziLO_5n-L8
Turtle In The Clouds,Phish,"2023-12-30 New York, NY - Madison Square Garden (MTX)",,INDIFFERENT,6:58,418,Xs-1m4qSgyA
Wolfman’s Brother,Phish,"2023-12-30 New York, NY - Madison Square Garden (MTX)",,INDIFFERENT,11:21,681,A3F_OxZ-a9k
Backwards Down The Number Line,Phish,"2023-12-30 New York, NY - Madison Square Garden (MTX)",,INDIFFERENT,7:13,433,4OUBNm4-MSo
Misty,Johnny Mathis,Heavenly,False,INDIFFERENT,3:37,217,Ytb_T7eTAKI
My One And Only Love,"John Coltrane, Johnny Hartman",John Coltrane And Johnny Hartman,False,INDIFFERENT,4:56,296,fue4mYwJjeU
Desafinado,"João Gilberto, Stan Getz",Getz/Gilberto,False,INDIFFERENT,4:16,256,oqHONL-LZ58
A Taste of Honey,Paul Desmond,Glad To Be Unhappy,False,INDIFFERENT,4:26,266,0gOX4W2PNGM
Dream Girl,Luiz Bonfa,The Brazilian Scene,False,INDIFFERENT,2:49,169,fLnerWnHfXE
Sambalero,Luiz Bonfa,The Brazilian Scene,False,INDIFFERENT,2:14,134,XBzhHrWjptk
Her Face,Luiz Bonfa,The Brazilian Scene,False,INDIFFERENT,3:15,195,cOc1Mas0WdI
Bye Bye Blues,Luiz Bonfa,The Brazilian Scene,False,INDIFFERENT,2:07,127,PuNrecwITlU
"21 Hungarian Dances, WoO 1: XIX. Allegretto",London Festival Orchestra,The Classical Colletion - Brahms - Obras maestras orquestrales,False,INDIFFERENT,2:02,122,ml_49lmbOmc
"Prokofiev: Symphony No. 1 in D, Op. 25 ""Classical Symphony"" - 3. Gavotta (Non troppo allegro)","London Symphony Orchestra, Sergei Prokofiev, Walter Weller",Prokofiev: Complete Symphonies,False,INDIFFERENT,1:38,98,5tER-fRpvuI
"Vivaldi: Concerto for Violin and Strings in G minor, Op. 8, No. 2, R.315 ""L'estate"" - 3. Presto (Tempo impetuoso d'estate)","Felix Ayo, I Musici",Vivaldi: Le Quattro Stagioni (The 4 Seasons),False,INDIFFERENT,3:16,196,hkDwOv-MIHE
"Holst: The Planets, Op. 32 - 4. Jupiter, the Bringer of Jollity","Berliner Philharmoniker, Gustav Holst, Herbert von Karajan",Holst: The Planets,False,INDIFFERENT,7:36,456,wvfz23jZz6c
"The 4 Seasons, Op. 8/4, RV 297, ""Winter""",St. Mark's Philharmonic Orchestra,Vivaldi: All Time Greatest Moments,False,INDIFFERENT,9:25,565,_FeJFs6LJjU
Star of Bethlehem (Instrumental),John Williams,Home Alone (Original Motion Picture Soundtrack) (Anniversary Edition),False,INDIFFERENT,2:52,172,KIUtb696uhs
"The Nutcracker, Op. 71, Act I, Scene 2: No. 9, Waltz of the Snowflakes (feat. Libera)","Berliner Philharmoniker, Sir Simon Rattle",Tchaikovsky: The Nutcracker (Discovery Edition),False,INDIFFERENT,6:41,401,fo3yFy-roR8
"Elgar: Variations on an Original Theme, Op. 36 ""Enigma"" - Theme (Andante)","Giuseppe Sinopoli, Philharmonia Orchestra",Elgar: Enigma Variations; Cello Concerto; Serenade For Strings,False,INDIFFERENT,1:34,94,BrbtzlPijKo
"Tchaikovsky: Swan Lake, Op. 20, TH.12 / Act 2 - No. 10 Scène (Moderato)","Charles Dutoit, Orchestre symphonique de Montréal, Pyotr Ilyich Tchaikovsky",Tchaikovsky: Swan Lake,False,INDIFFERENT,2:56,176,ItMDZDExhKw
Elvira Madigan (Andante),Paul Brooks,Meditation,False,INDIFFERENT,2:18,138,xp4nYG441ho
Beethoven: Speaking Unto Nations (Beethoven Symphony no 7 - II ),Terry Davies,The King's Speech (International Version),False,INDIFFERENT,5:03,303,FpCr4Z1iK54
"Beethoven - Symphony No.7 in A major op.92 - II, Allegretto","16M views, neuIlaryRheinKlange",,,INDIFFERENT,8:47,527,vCHREyE5GzQ
"Prokofiev: Romeo and Juliet, Op. 64 / Act 1 - Dance Of The Knights","Lorin Maazel, Sergei Prokofiev, The Cleveland Orchestra",Prokofiev: Romeo & Juliet,False,INDIFFERENT,5:08,308,XX6GHiFKovw
Moment Musical in F Minor,Alfred Scholz,133 Finest Moments in Classical,False,INDIFFERENT,1:54,114,gq5zokNDNI4
"16 Waltzes, Op. 39: No. 15 in A-Flat Major",Moura Lympany,Piano Favorites,False,INDIFFERENT,1:40,100,e1kZKGGIueE
"Swan Lake Op, 20, Act II: No. 10 Szene",London Concert Orchestra,The Best Of Tchaikovsky,False,INDIFFERENT,3:17,197,ogCb_oxMI-8
Bizet: Carmen Suite No. 1 - Les toréadors,"London Symphony Orchestra, Sir Neville Marriner",Music From The Heart Of Spain,False,INDIFFERENT,2:21,141,T0PggZQihFA
"16 Waltzes, Op. 39: No. 15 in A-Flat Major",Idil Biret,"Brahms: Hungarian Dances - Waltzes, Op. 39",False,INDIFFERENT,1:34,94,3Hf8ul1hibc
"The Nutcracker, Op. 71, Act II: No. 13, Waltz of the Flowers","Berliner Philharmoniker, Sir Simon Rattle",Tchaikovsky: The Nutcracker,False,INDIFFERENT,6:56,416,9LEZA9IQDDs
"The Nutcracker, Op. 71, Act II: No. 15, Final Waltz and Apotheosis","Berliner Philharmoniker, Sir Simon Rattle",Tchaikovsky: The Nutcracker,False,INDIFFERENT,4:52,292,8B3RoWA4xUU
"Messiah: Part I, No 4. And the Glory of the Lord","London Symphony Orchestra, Sir Colin Davis, Tenebrae Choir",Handel: Messiah,False,INDIFFERENT,2:45,165,4_3cnpfs0aQ
"The Four Seasons, Violin Concerto in F Minor, Op. 8 No. 4, RV 297 ""Winter"": II. Largo (feat. I Solisti dell'Orchestra Filarmonica della Scala & Robert Kettelson)",Giulio Franzetti,Vivaldi: The Four Seasons etc.,False,INDIFFERENT,2:35,155,uXrPTUXOptg
"Water Music - Suite #1 In F, HWV 348 - Alla Hornpipe",Jordi Savall,Haendel: Water Music & Music for the Royal Fireworks,False,INDIFFERENT,4:04,244,SsM25EBXN58
"Handel: Zadok the Priest (Coronation Anthem No. 1, HWV 258)","Simon Preston, The Choir of Westminster Abbey, The English Concert, Trevor Pinnock",Handel: Coronation Anthems; Concerti a Due Cori,True,LIKE,5:24,324,y0hJP245LyI
Rocky Road Blues,Hot Rize,Take It Home,False,INDIFFERENT,2:15,135,XN02hU2TOX4
Twin Sisters,Doc & Merle Watson,Down South,,INDIFFERENT,1:40,100,sX06bB3hYFo
Fiddler's Dram / Whiskey Before Breakfast,Norman Blake,Whiskey Before Breakfast,,INDIFFERENT,3:34,214,wJVEohgugU4
New Chance Blues,"Norman Blake, Tony Rice",Blake & Rice,,INDIFFERENT,2:16,136,0Cgr6BoZDdM
Yellow Barber (Live),John Hartford,Live From Mountain Stage,,INDIFFERENT,1:41,101,U56w_7vk80k
Cluck Old Hen,"Dirk Powell, John Hermann, Tim O'Brien",Songs From The Mountain,,INDIFFERENT,2:04,124,LtdHBnYFnp0
June Apple,Brittany Haas,Brittany Haas,False,INDIFFERENT,2:59,179,ZTTrnNFsDd4
First Snow,Tim O'Brien,Fiddler's Green,False,INDIFFERENT,2:22,142,UZ8wjLWJ-ak
Good In The Kitchen,Bearfoot,Doors and Windows,False,INDIFFERENT,1:30,90,Y2SYVR95dO0
Coon Dog,Uncle Earl,Going to the Western Slope,False,INDIFFERENT,2:27,147,sxP_ayn30Fk
Western Skies,Hot Rize,When I'm Free,False,INDIFFERENT,2:43,163,XCHVL_po2jI
Sally Ann,Wade Ward,Clawhammer Banjo Volume One,False,INDIFFERENT,1:33,93,Ny92iQYxL14
Old Joe Clark / June Apple,Tony Trischka,Solo Banjo Works,False,INDIFFERENT,1:47,107,ci5BjiInlPQ
Red Dog in the Morning,Tim O'Brien,Chameleon,False,INDIFFERENT,2:41,161,m3rqZmH6UwA
Little Sadie,"Doc Watson, Merle Watson",Doc Watson & Son,False,INDIFFERENT,2:01,121,oJIerz1DtDI
Room At The Top Of The Stairs,"David Grisman, John Hartford, Mike Seeger",Retrograss,False,INDIFFERENT,2:11,131,NA9i5Ny3mcw
Cherokee Trail / Glory In The Meeting House,"Dirk Powell, John Hermann, Tim O'Brien",Songs From The Mountain,,LIKE,2:08,128,8F1UZQcIles
Monroe's Hornpipe,"Norman Blake, Tony Rice",Blake & Rice,,INDIFFERENT,2:17,137,lVEpnrfHCCw
Sugar in the Gourd,Furnace Mountain,Fields of Fescue,False,INDIFFERENT,2:28,148,kozTMrjozB0
Bowling Green,Furnace Mountain,Fields of Fescue,False,INDIFFERENT,2:53,173,8Y82BLiOVzY
Watermelon Seed,Furnace Mountain,Fields of Fescue,False,INDIFFERENT,3:45,225,vB5KULdCbk8
Ooh Belle,Furnace Mountain,Fields of Fescue,False,INDIFFERENT,3:47,227,pQAfRBo9ExA
Factory Girl,Furnace Mountain,Fields of Fescue,False,INDIFFERENT,4:30,270,9Fzmi464EmA
Turbo Dog,Furnace Mountain,Fields of Fescue,False,INDIFFERENT,3:06,186,Mt1ChAbAbFo
Bad Girl,Furnace Mountain,Fields of Fescue,False,INDIFFERENT,4:23,263,NjTVMPHelTg
Graveyard / John Brown's Dream,Furnace Mountain,Fields of Fescue,False,INDIFFERENT,3:45,225,pGS21Vv1OQA
Pretty Little Widow,Furnace Mountain,Fields of Fescue,False,INDIFFERENT,2:18,138,IIZfGyOpl4A
Winter's Night,Furnace Mountain,Fields of Fescue,False,INDIFFERENT,3:08,188,ZUUrFsQInio
Rattlesnake / Black Mountain Rag,Furnace Mountain,Fields of Fescue,False,INDIFFERENT,3:59,239,xLRIbdKXpJo
Fields of Fescue,Furnace Mountain,Fields of Fescue,False,INDIFFERENT,2:40,160,YD-RNVa9yxo
#20,Aphex Twin,Selected Ambient Works Volume II,False,INDIFFERENT,4:16,256,w3ssNqg8U1c
Matta (Remastered 2005),Brian Eno,Apollo,False,INDIFFERENT,4:20,260,W8c8Oy2ipRM
Currents (220v Offshore),Phonem,Hydro Electric,False,INDIFFERENT,6:48,408,VsGHR1gHcKw
An Eagle in Your Mind,Boards of Canada,Music Has The Right To Children,True,INDIFFERENT,6:26,386,VCcU-vg-woY
Heliosphan,Aphex Twin,Selected Ambient Works 85-92,False,INDIFFERENT,4:54,294,Xxk-ryO6J2I
Dusk You & Me,Groove Armada,Vertigo,False,INDIFFERENT,5:38,338,pn_9e2uYk9c
Yu Mountain,Plaid,The Digging Remedy,False,INDIFFERENT,4:05,245,ois75tvneYA
Triangles & Rhombuses,Boards of Canada,Music Has The Right To Children,True,INDIFFERENT,1:51,111,RSoXysR12Qc
Ted,Clark,Body Riddle,False,INDIFFERENT,2:55,175,PsT-nbVBsXw
Mdrmx,Brothomstates,Claro,False,INDIFFERENT,6:00,360,ZRnA18TI6Oc
Unicorn,Four Tet,Beautiful Rewind,False,INDIFFERENT,3:30,210,pfcj_jOoKIw
Amo Bishop Roden,Boards of Canada,In A Beautiful Place Out In The Country,False,INDIFFERENT,6:17,377,KZbFpcEl-8o
Teardrop (feat. Elizabeth Fraser),Massive Attack,Mezzanine,False,INDIFFERENT,5:31,331,3h-JYx76QNM
Eutow,Autechre,Tri Repetae,False,INDIFFERENT,4:16,256,13ZJ4_y30Ok
Gorecki,Lamb,Lamb,False,INDIFFERENT,6:31,391,cfsmETjZhwY
Oscar See Through Red Eye,Boards of Canada,The Campfire Headphase,False,INDIFFERENT,5:09,309,Gwx-sl-4JXs
Founded,Plaid,scintilli,False,INDIFFERENT,3:09,189,EGMCbMix8h0
Vespers,Bola,Mauver,False,INDIFFERENT,6:52,412,qc76eo5ETbw
Bubble Life,Squarepusher,Hello Everything,False,INDIFFERENT,2:54,174,iITvUc6DMSc
Telephasic Workshop,Boards of Canada,Music Has The Right To Children,True,INDIFFERENT,6:36,396,soAH__YofsM
On Your Marks,Bonobo,Days To Come,False,INDIFFERENT,4:12,252,DcRBvAe70S8
In McDonalds,Burial,Untrue,False,INDIFFERENT,2:07,127,8GjESYARiJU
Heat Death Of The Universe,Fila Brazillia,Luck Be a Weirdo Tonight,False,INDIFFERENT,7:45,465,1mCO440DjnM
Satellite Anthem Icarus,Boards of Canada,The Campfire Headphase,False,INDIFFERENT,6:05,365,qAVM8vQGQxI
Shakatakadoodub,"Dorfmeister, Kruder",Ninja Cuts - Flexistentialism,False,INDIFFERENT,7:15,435,o05QJzi3k70
Song of Life,Leftfield,Leftism,False,INDIFFERENT,7:04,424,4_n-BQ1fZ_E
Sing It Back,Moloko,I Am Not a Doctor,False,INDIFFERENT,4:24,264,0lGXDFHnyag
Happy Cycling,Boards of Canada,Music Has The Right To Children,True,INDIFFERENT,7:53,473,DAM7OeFpgoE
Nine,Autechre,Amber,False,INDIFFERENT,3:41,221,TZ7RF7dCCgc
The Wider Sun,Jon Hopkins,Insides,False,INDIFFERENT,2:35,155,K32txPlV64I
Papua New Guinea (Blue States Full Length Mix),The Future Sound Of London,Accelerator Deluxe,False,INDIFFERENT,5:47,347,m2tsHIDWElI
Kid for Today,Boards of Canada,In A Beautiful Place Out In The Country,False,INDIFFERENT,6:24,384,zV0P-WO0Mds
Secret Stair #1,U-Ziq,Lunatic Harness,False,INDIFFERENT,4:17,257,_aSO6NMRW0I
I Made a Tree on the Wold,Telefon Tel Aviv,Immolate Yourself,False,INDIFFERENT,4:39,279,YZ2b2myb4aA
Alberto Balsalm,Aphex Twin,...I Care Because You Do,False,INDIFFERENT,5:11,311,-ZVZgCrHy5E
Music Is Math,Boards of Canada,Geogaddi,False,INDIFFERENT,5:22,322,lhPWJHrwgR4
Antennaria,Biosphere,Substrata + Man with a Movie Camera,False,INDIFFERENT,5:04,304,WYZAXMwLjLM
In Your Own Time,Amon Tobin,Dark Jovian,False,INDIFFERENT,3:06,186,l78B4TNG88M
2X202-ST5,Aphex Twin,Cheetah EP,False,INDIFFERENT,4:40,280,MPW3oh5a4FU
Chromakey Dreamcoat,Boards of Canada,The Campfire Headphase,False,INDIFFERENT,5:48,348,ex6-A803EnE
Ten Hours,Arovane,Lilies,False,INDIFFERENT,3:02,182,6tQw6RjECl8
Kalpol Introl,Autechre,Incunabula,False,INDIFFERENT,3:19,199,kE8gg-KBzf4
Redruth School,Polygon Window,Surfing On Sine Waves,False,INDIFFERENT,2:44,164,LqcKEiWGWhs
Sixtyniner,Boards of Canada,Twoism,False,INDIFFERENT,5:18,318,3JPPFG-Np4M
Petroleum Tinged,Clark,Clark,False,INDIFFERENT,1:38,98,o9vrgw0dyvw
Ropen,Plaid,Reachy Prints,False,INDIFFERENT,3:51,231,t6XH0oiwSzE
Laughable Butane Bob,Afx,Hangable Auto Bulb,False,INDIFFERENT,3:03,183,ElwOsPkNU38
In a Beautiful Place Out in the Country,Boards of Canada,In A Beautiful Place Out In The Country,False,INDIFFERENT,6:08,368,XrjvFzH2ALM
Intervention Stjerner,"Jonas Munk, Ulrich Schnauss",Passage,False,INDIFFERENT,2:47,167,QADkRUY9uhE
No Drums,Tim Hecker,"Ravedeath, 1972",False,INDIFFERENT,3:24,204,qdmbbiMRe48
Vic Acid,Squarepusher,Hard Normal Daddy,False,INDIFFERENT,3:08,188,rYyuB9j03D4
Night Bus,Burial,Burial,,INDIFFERENT,2:14,134,gTVt7EOCmgM
Hope We Never Surface,Two Lone Swordsmen,Stay Down,False,INDIFFERENT,2:24,144,if5MOVBBhl0
Altibzz,Autechre,Quaristice,False,INDIFFERENT,2:53,173,-F665Mkc0D0
Opalescent,Jon Hopkins,Opalescent,False,INDIFFERENT,2:12,132,8cgeEOIki0k
Lotus Above Water,Telefon Tel Aviv,Fahrenheit Fair Enough,False,INDIFFERENT,3:34,214,NsTmv3_kSmE
#17,Aphex Twin,Selected Ambient Works Volume II,False,INDIFFERENT,2:06,126,6ISBJMHPSiA
Turquoise Hexagon Sun,Boards of Canada,Music Has The Right To Children,True,INDIFFERENT,5:08,308,RQef_-Y_Imo
Hi Scores,Boards Of Canada,Hi Scores,False,INDIFFERENT,4:58,298,jGUBhdWFFAs
Dimensional Rift,Sphäre Sechs,Extradimension,False,INDIFFERENT,6:02,362,hkm4Xf7QREY
Black Tusk Descent,loscil,coast/range/arc//,,INDIFFERENT,7:15,435,ZheAgv6symk
Press On,John R. Miller,Heat Comes Down,True,LIKE,3:38,218,F8G-Spade6A
Dollar Store Tents,John R. Miller,Heat Comes Down,False,INDIFFERENT,3:33,213,yFUc-qvDDt4
Basements,John R. Miller,Heat Comes Down,False,INDIFFERENT,3:44,224,UqBdpiOCc1w
"Conspiracies, Cults & UFOs",John R. Miller,Heat Comes Down,False,INDIFFERENT,2:53,173,ge1U48laNvk
Summer Lens,John R. Miller,Heat Comes Down,False,INDIFFERENT,3:23,203,uxzLZ0WHKFk
Smokestacks On The Skyline,John R. Miller,Heat Comes Down,False,INDIFFERENT,3:15,195,uIFP8mwb-fc
Crumbling Pie,John R. Miller,Heat Comes Down,False,INDIFFERENT,4:15,255,c_B0zpr22oo
Ditcher,John R. Miller,Heat Comes Down,False,INDIFFERENT,3:52,232,1uyg9AYzDEs
Harpers Ferry Moon,John R. Miller,Heat Comes Down,False,INDIFFERENT,4:03,243,9mYlG4-doGw
Insomnia Blues,John R. Miller,Heat Comes Down,True,LIKE,4:01,241,L1pRpcEhT0c
The Whores of Sailortown,Salty Dick,Salty Dick's Uncensored Sailor Songs,False,INDIFFERENT,3:21,201,ej7hzjrt3WM
Nobody Has To Know Your Mind,John R. Miller,Heat Comes Down,False,INDIFFERENT,4:54,294,ivk6KfR6hAY
Broken Window Serenade,Whiskey Myers,Firewater,False,INDIFFERENT,5:47,347,_bto0UKEZNA
I Don't Mind,Sturgill Simpson,Cuttin' Grass - Vol. 1 (Butcher Shoppe Sessions),False,INDIFFERENT,4:30,270,xYcmf9cRp7A
"Conspiracies, Cults & UFOs",John R. Miller,"Conspiracies, Cults & UFOs",,LIKE,2:53,173,dTc_IQiUXtI
Consume (feat. Goon Des Garcons),Chase Atlantic,Chase Atlantic,False,INDIFFERENT,4:28,268,tPQR3ckPRis
Death Ride to Durango,Gaelic Storm,What's the Rumpus?,False,INDIFFERENT,4:36,276,fWSw4taKiFk
The Foggy Dew,Derek Warfield & The Young Wolfe Tones,"Call of Erin, Vol. 1",False,INDIFFERENT,4:29,269,IKU1UxRlE0Q
Home For A Rest,Spirit of the West,Save This House,False,INDIFFERENT,4:37,277,RsSQSzrtChU
John Kanackanaka,The Captain's Beard,Same Ship Different Day,False,INDIFFERENT,3:16,196,i06gFqbf41I
Count to Ten,Paul & Storm,Gumbo Pants,False,INDIFFERENT,3:42,222,2A7jmFmPmis
The Captain's Wife's Lament,Paul & Storm,Gumbo Pants,True,LIKE,2:26,146,e9iF-5ip8ZA
The Nancy,Stan Rogers,From Fresh Water,False,INDIFFERENT,4:03,243,FybKCSi7mU4
Oriental Strut,Tuba Skinny,Owl Call Blues,False,INDIFFERENT,3:10,190,X7BZ05TUOLo
Long Haired Country Boy,The Charlie Daniels Band,Fire On The Mountain,False,INDIFFERENT,4:01,241,JuAMm2Ub-60
California Sober (feat. Willie Nelson),Billy Strings,California Sober,True,LIKE,3:51,231,AmxvLgvc8IE
Memphis Shake,Tuba Skinny,Blue Chime Stomp,False,INDIFFERENT,3:19,199,VkJ9dO9BCGU
(Ghost) Riders In the Sky,Johnny Cash,Amerika (The West),False,INDIFFERENT,3:40,220,-HvcYjPKzEk
The Road Where The Wild Wind Flies,Chuck Darwin and The Knuckledraggers,Three Car Pileup,,INDIFFERENT,3:51,231,59DkOQrhrc8
Deep Pockets,Yonder Mountain String Band,Old Hands,True,LIKE,3:16,196,7hVcUa2ZYGA
Such A Night,Elvis Presley,40 Years On Greatest Hits and More,False,INDIFFERENT,3:02,182,t5Ng8t_Engo
Nobody Knows What You Do,John Hartford,Nobody Knows What You Do,False,INDIFFERENT,3:59,239,jozQQIalOnY
Our Life's Work,Chuck Darwin and The Knuckledraggers,Three Car Pileup,,LIKE,2:35,155,p2iKO2q8_8g
Sweet Sunny South,"John Hartford, Tony Rice, Vassar Clements",Hartford Rice and Clements,,INDIFFERENT,4:01,241,SDQBGoxPXyk
The Wings of a Song,"John Hartford, Tony Rice, Vassar Clements",Hartford Rice and Clements,,INDIFFERENT,2:51,171,U9ptxjpeX58
My Baby's Gone,"John Hartford, Tony Rice, Vassar Clements",Hartford Rice and Clements,,INDIFFERENT,2:27,147,aQg9YCE21aw
I Know You Don't Love Me No More,"John Hartford, Tony Rice, Vassar Clements",Hartford Rice and Clements,,INDIFFERENT,2:36,156,4nTThzkG860
If I Should Wander Back Tonight,"John Hartford, Tony Rice, Vassar Clements",Hartford Rice and Clements,,INDIFFERENT,3:49,229,rWek-GkaACA
Bound to Ride,"John Hartford, Tony Rice, Vassar Clements",Hartford Rice and Clements,,INDIFFERENT,1:59,119,BdWeRIYBZq4
DR  ORLANDO OWOH ORIKI ILU OKE 2,"118K views, ORLANDO J BABA",,,INDIFFERENT,12:22,742,_aQG5DS2BU0
I Come From De Ghetto,Majek Fashek,Spirit Of Love,False,INDIFFERENT,6:28,388,P84tCcKnsyY
Sweet Mother,Prince Nico Mbarga & Rocafil Jazz International,Highlife Time Vol. 2,False,INDIFFERENT,9:54,594,2MCzYxCecfY
Iyogogo,Onyeka Onwenu,Golden Songs Vol.2,False,INDIFFERENT,4:32,272,Lg4ktybQ_6I
"Unbroken, Unshaven",The Budos Band,The Budos Band III,False,INDIFFERENT,2:59,179,mWXFwdjp7s4
Bad Man Lighter (B.M.L.),Seun Kuti & Egypt 80,Black Times,False,INDIFFERENT,7:48,468,i7BmsWB5cyo
Mr. Follow Follow,Fela Kuti,Zombie,False,INDIFFERENT,12:58,778,tBkdczEYdS0
Stalemate (Edit),Fela Kuti,Stalemate (Edit),False,INDIFFERENT,6:44,404,IUnjK6Y6ZKI
Wind and Rain,Crooked Still,Shaken By A Low Sound,,INDIFFERENT,3:47,227,9VGjaxe9ZOU
Railroad Bill,Crooked Still,Shaken By A Low Sound,,LIKE,2:19,139,S9k2cUH6g7o
Come On In My Kitchen,Crooked Still,Shaken By A Low Sound,,INDIFFERENT,5:00,300,_T93akG4jWs
Mountain Jumper,Crooked Still,Shaken By A Low Sound,,INDIFFERENT,2:52,172,qels-5Ebddg
Boll Weevil,Punch Brothers,The Phosphorescent Blues,,INDIFFERENT,2:36,156,HTZdoye0rqg
Jumbo,Punch Brothers,All Ashore,,LIKE,3:35,215,ioDXUnJmdBE
Rye Whiskey,Punch Brothers,Antifogmatic,True,INDIFFERENT,3:29,209,jXfE-e4a3GU
Patchwork Girlfriend,Punch Brothers,Who's Feeling Young Now?,False,LIKE,3:48,228,CMtyWB_Pzic
Down To The River To Pray,Alison Krauss,"O Brother, Where Art Thou? (Original Motion Picture Soundtrack)",False,INDIFFERENT,2:56,176,flcrUnoAwVk
Streetcar,John Hartford,Morning Bugle,False,INDIFFERENT,3:56,236,zyqFipU8JkE
Texas Gales (Instrumental),Doc & Merle Watson,Ballads From Deep Gap,False,INDIFFERENT,1:34,94,_Ra6dgDyIvQ
Columbus Stockade Blues,Jacob Jolliff,Columbus Stockade Blues,False,INDIFFERENT,3:21,201,jfEILwqf8Hk
Howard Hughes' Blues,John Hartford,Morning Bugle,False,INDIFFERENT,2:51,171,u4S0OzdpQfE
Hangman's Reel,Bryan Sutton,Country Rags and Reels,True,LIKE,3:04,184,mH0bLtkPoXM
Five Miles From Town,Brad Kolodner,Chimney Swifts,,INDIFFERENT,3:10,190,B_Q-_wW1a0Q
Chimney Swifts,Brad Kolodner,Chimney Swifts,,LIKE,3:47,227,Xrf5C8vgqfs
Please Love Me,The Speakeasies' Swing Band!,Land of Plenty,False,INDIFFERENT,5:31,331,79mmZyUusDc
Senza Fine,Jeff Steinberg,Velvet Martini,False,INDIFFERENT,3:50,230,AF4-4Py0nGM
Bossa Morticia,Gypsy Jazz Caravan,Gypsy Jazz Caravan III,False,INDIFFERENT,3:54,234,5sB8pWF_UoU
"Cello Suite No. 1 in G Major, BWV 1007: I. Prélude",Yo-Yo Ma,Bach: Unaccompanied Cello Suites (),False,INDIFFERENT,2:32,152,eKbrty2x8rM
Säkkijärven Cumbia,Cafe Accordion Orchestra,La Zingara,False,INDIFFERENT,3:22,202,bm_H5zcTJ5Y
Dark Eyes (feat. Paul Mehling & Evan Price),The Hot Club Of San Francisco,Claire De Lune,True,LIKE,5:58,358,65inpezdN4s
Si tu vois ma mère (Slow),"Claude Luter et Son Orchestre, Sidney Bechet",Les Années Bechet,False,INDIFFERENT,3:14,194,NyDz4Okg-Hs
Desafinado,Nova,"The Collection, Vol. 1",False,INDIFFERENT,8:04,484,9usobwF2wxc
Flambee Montalbanese,Madeleine Peyroux,Got You on My Mind,False,INDIFFERENT,3:02,182,HwF6GJtFh6s
Almost Blue,Chet Baker,Plays and Sings,False,INDIFFERENT,7:56,476,I5l0jkC71Yk
Blue Bossa (feat. Leif Shires),Jack Jezzro,Rio Nights,False,INDIFFERENT,3:41,221,bZ2joskI0UM
Comes Love,Nikki Yanofsky,Comes Love,False,INDIFFERENT,3:43,223,MjEB1Inpgus
One For Daddy-O,Cannonball Adderley,Somethin' Else (Rudy Van Gelder Edition),False,INDIFFERENT,8:26,506,hYbLEjyrLZc
Got That Feeling,Peter Sandberg,A Scandinavian Thing,False,INDIFFERENT,6:00,360,mjuymmDrz6o
Tu sais je vais t'aimer,Diana Panton,To Brazil With Love,False,INDIFFERENT,4:22,262,EM7vNWgxPbM
When Sunny Gets Blue,McCoy Tyner,Today And Tomorrow,False,INDIFFERENT,4:43,283,frYLvC0mM50
Quanno chiove,Massimo Faraò,Massimo Faraò Plays Pino Daniele's Ballads,False,INDIFFERENT,4:45,285,oBvDIIfOuUc
"Bye Bye Blackbird (feat. John Coltrane, Red Garland, Paul Chambers & Philly Joe Jones)",Miles Davis,'Round About Midnight,False,INDIFFERENT,7:55,475,CieM9gurwZ4
The Sinister Minister,Bela Fleck And The Flecktones,Bela Fleck and the Flecktones,False,INDIFFERENT,4:36,276,qvINvjCoapw
Autumn Leaves,New York Jazz Lounge,Best of Trio Masterpieces,False,INDIFFERENT,6:03,363,wU-KuQlnS5k
Giselle,The Hot Club of San Francisco,Veronica,False,INDIFFERENT,4:56,296,Qy_AIvICrm0
Manouche Cafe,Cafe Accordion Orchestra,CAO 10,False,INDIFFERENT,4:13,253,sE8yMTcUpjY
Minor Swing,Django Reinhardt,Django Swings Nuages 1934-1941 (73 Tunes),False,INDIFFERENT,3:16,196,Iq6JXNiCumw
Bistro Fada,Stephane Wrembel,Bistro Fada,False,INDIFFERENT,3:02,182,EB6BJ3EhdzE
Vacqueyras,Bladverk Band,Varenne,False,INDIFFERENT,3:06,186,_rVgBfXspeM
Mr. Pinstripe Suit,Big Bad Voodoo Daddy,Big Bad Voodoo Daddy,False,INDIFFERENT,3:38,218,WU4RBNfI_0k
Take 5,Gypsy Jazz Caravan,Gypsy Jazz Caravan III,False,INDIFFERENT,3:09,189,lBDTNfPSauM
Everlasting Now (Vamp) (Live from One Nite Alone Tour...The Aftershow),Prince,One Nite Alone... The Aftershow: It Ain't Over! (Up Late with Prince & The NPG) (Live),,INDIFFERENT,1:49,109,FfGTBgFpgIs
Girls & Boys (Live from One Nite Alone Tour...The Aftershow),Prince,One Nite Alone... The Aftershow: It Ain't Over! (Up Late with Prince & The NPG) (Live),,INDIFFERENT,7:00,420,l-M7X6XZKZI
Dorothy Parker (Live from One Nite Alone Tour...The Aftershow),Prince,One Nite Alone... The Aftershow: It Ain't Over! (Up Late with Prince & The NPG) (Live),,INDIFFERENT,6:17,377,9fJkBnBjUzw
Peach (Xtended Jam) (Live from One Nite Alone Tour...The Aftershow),Prince,One Nite Alone... The Aftershow: It Ain't Over! (Up Late with Prince & The NPG) (Live),,INDIFFERENT,11:20,680,s1TwexjiZMc
Alphabet Street (Live from One Nite Alone Tour...The Aftershow),Prince,One Nite Alone... The Aftershow: It Ain't Over! (Up Late with Prince & The NPG) (Live),,LIKE,2:56,176,vtsZQtkFb9U
2 Nigs United 4 West Compton (Live from One Nite Alone Tour...The Aftershow),Prince,One Nite Alone... The Aftershow: It Ain't Over! (Up Late with Prince & The NPG) (Live),,INDIFFERENT,6:16,376,UCMjvlLu4gM
Medley: Just Friends (Sunny) / If You Want Me to Stay (Live from One Nite Alone Tour...The Aftershow),Prince,One Nite Alone... The Aftershow: It Ain't Over! (Up Late with Prince & The NPG) (Live),,INDIFFERENT,4:27,267,zT1Se_TTpqQ
We Do This (Live from One Nite Alone Tour...The Aftershow) (feat. George Clinton),Prince,One Nite Alone... The Aftershow: It Ain't Over! (Up Late with Prince & The NPG) (Live),,INDIFFERENT,4:43,283,S7bSep9V3Oc
Joy In Repetition (Live from One Nite Alone Tour...The Aftershow),Prince,One Nite Alone... The Aftershow: It Ain't Over! (Up Late with Prince & The NPG) (Live),,INDIFFERENT,10:57,657,bBUFWnaKom8
Freak Out / Starry Eyes,LCD Soundsystem,45:33,,INDIFFERENT,12:23,743,WKoinrME8lk
45:33,LCD Soundsystem,45:33,,INDIFFERENT,46:05,2765,WoVO2HKwfbg
TCKM,Ivan the Tolerable,The Continuous Katherine Mortenhoe,,INDIFFERENT,6:58,418,NEb1jDAtZ8o
Large Garbage Barge,Jacob Jolliff,The Jacob Jolliff Band,,LIKE,3:58,238,umeEbTDnwb0
Outbound Plane,Jacob Jolliff,The Jacob Jolliff Band,,INDIFFERENT,3:50,230,QW5f2kq2R6g
Old Dizzy Legs,Jacob Jolliff,The Jacob Jolliff Band,,INDIFFERENT,5:13,313,KZCYz8mMZmo
Middle Of The Moon,Jacob Jolliff,The Jacob Jolliff Band,,INDIFFERENT,4:37,277,muVO5kC72sM
Don't Cry Blue,Jacob Jolliff,The Jacob Jolliff Band,,INDIFFERENT,3:58,238,y8GvmBXLMIY
Green Green Rocky Road,Jacob Jolliff,The Jacob Jolliff Band,,INDIFFERENT,4:09,249,MyzJsvoD0QE
One Night In Glasgow,Jacob Jolliff,The Jacob Jolliff Band,,INDIFFERENT,3:57,237,bhaw4ORERUM
"Heads Carolina, Tails California",Jacob Jolliff,The Jacob Jolliff Band,,INDIFFERENT,4:43,283,6fbWLGF32qw
They're Holding Up The Ladder,Jacob Jolliff,The Jacob Jolliff Band,,INDIFFERENT,3:57,237,cWxTDLNXYhg
"The Good, The Bad And The Home-Schooled",Jacob Jolliff,The Jacob Jolliff Band,,LIKE,4:41,281,AY8j4hYobrw
Columbus Stockade Blues,Jacob Jolliff,The Jacob Jolliff Band,,INDIFFERENT,3:21,201,5qi9_grnOzU
"Trumpet Concerto in D Major, TWV 51/D7: I. Adagio",Mainz Chamber Orchestra,The Telemann Playlist,False,INDIFFERENT,1:58,118,PtaXIC-acFY
"Telemann: Oboe Concerto in E minor, TWV 51:e1 - 1. Andante","Academy of St Martin in the Fields, Heinz Holliger, Iona Brown",Telemann: Oboe Concertos,False,INDIFFERENT,2:31,151,8kbv4TTdWY4
"Concerto for 2 Flutes, Violin & Cello in D Major, TWV 54:D1: I. Vivace","Cologne New Philharmonic Orchestra, ﻿Diego Garcia Conde, Maria Kostina, Alexey Galikhanov, Alexander Dimitrov, and Volker Hartung",Telemann: Baroque Concertos,False,INDIFFERENT,5:08,308,5QP88b0LZQc
"Prokofiev: Visions fugitives, Op. 22: III. Allegretto",Steven Osborne,"Classical January: Mozart, Bach & More",,INDIFFERENT,0:47,47,RVSXMEiyIHQ
"34 Valses sentimentales, D. 779: No. 1 in C Major",Piers Lane,"Classical January: Mozart, Bach & More",,INDIFFERENT,0:44,44,iv59gw5gH9Y
"Chopin: Waltz No. 12 in F Minor, Op. 70 No. 2",Stephen Hough,"Classical January: Mozart, Bach & More",,INDIFFERENT,1:49,109,uM7z3oVu3YY
Rich Men North of Richmond,Oliver Anthony Music,Rich Men North of Richmond,False,INDIFFERENT,3:08,188,98FoEuBGOIU
Dust in a Baggie,Billy Strings,Billy Strings - EP,False,INDIFFERENT,2:55,175,qan4VRikfz8
Way Downtown,Billy Strings,Me / And / Dad,False,INDIFFERENT,3:08,188,GHBJdrTZHbw
Shake Sugaree,Muireann Bradley,I Kept These Old Blues,True,LIKE,5:49,349,2HYgGoG2OpU
Idle Moments (Rudy Van Gelder Edition / Remastered 1999),Grant Green,Idle Moments,True,LIKE,14:57,897,aq0m0hbCjFQ
The Girl From Ipanema,Stan Getz,Getz/Gilberto,False,INDIFFERENT,5:25,325,N-TKOh0zsvU
A Taste of Honey,Paul Desmond,Glad To Be Unhappy,False,INDIFFERENT,4:26,266,0gOX4W2PNGM
Just the Two of Us (feat. Bill Withers),"Grover Washington, Jr.",Anthology,False,INDIFFERENT,7:19,439,6POZlJAZsok
Feels So Good,Chuck Mangione,Feels So Good,False,INDIFFERENT,9:43,583,FExBwfQHXlE
Take Five,The Dave Brubeck Quartet,Time Out,False,INDIFFERENT,5:25,325,ryA6eHZNnXY
The Pink Panther Theme,Henry Mancini & His Orchestra,The Return of the Pink Panther,False,INDIFFERENT,3:05,185,VyZiIuMufTA
Ladyfingers,Herb Alpert & The Tijuana Brass,Whipped Cream & Other Delights,False,INDIFFERENT,2:45,165,l6U1JB7z-I8
Spanish Flea,Herb Alpert & The Tijuana Brass,!!Going Places!!,False,INDIFFERENT,2:07,127,aBE9EQ7gXKI
The Sicilian,Bonobo,Bonobo: One Offs... Remixes & B Sides,,INDIFFERENT,4:24,264,bbAT9SbK8hA
Dinosaurs (Jon Kennedy Mix),Bonobo,Bonobo: One Offs... Remixes & B Sides,,INDIFFERENT,4:09,249,fmrl5HdCQdo
Dismantling Frank,Bonobo,Bonobo: One Offs... Remixes & B Sides,,INDIFFERENT,5:08,308,rX_OLQpopxg
The Plug (Quantic Mix),Bonobo,Bonobo: One Offs... Remixes & B Sides,,INDIFFERENT,6:14,374,IXDCasgfq9s
Beachy Head (Bonobo Mix),Mechanical Me,Bonobo: One Offs... Remixes & B Sides,,INDIFFERENT,3:48,228,-xUAhFNuiBM
Maneater,Daryl Hall & John Oates,H2O,False,INDIFFERENT,4:34,274,wAeDVL-SBbU
Toxic,Britney Spears,In The Zone,False,INDIFFERENT,3:19,199,tVdr_JWmnsA
Maneater,Nelly Furtado,Loose,False,INDIFFERENT,4:19,259,nVq_Gua4wsQ
Sometimes it Does,Front Country,Other Love Songs,False,INDIFFERENT,2:00,120,xEB-QRsPMO4
Sirens (feat. Frances Quinlan),"Hop Along, Queen Ansleis",Freshman Year,False,INDIFFERENT,3:45,225,uJoOENVtxZg
Strawberry Mentos,Leanna Firestone,Strawberry Mentos,False,INDIFFERENT,3:16,196,9zItURMWo4E
Shake Sugaree,Muireann Bradley,I Kept These Old Blues,True,LIKE,5:49,349,2HYgGoG2OpU
Milo,The Steel Wheels,Leave Some Things Behind,False,INDIFFERENT,1:53,113,BHldq9PDIZA
Wait My Turn,GRAHAM,Wait My Turn,False,INDIFFERENT,2:06,126,PWEjgXSzbFs
2004,Anthony Amorim,2004,False,INDIFFERENT,3:36,216,YV5H4CtJwnA
Down in the Willow Garden,The Stray Birds,Borderland,False,INDIFFERENT,2:57,177,KgfNYIL3fb0
tunnel vision,egg,passing papers,False,INDIFFERENT,3:26,206,AjKOZL3Gkmg
Catawba,The Honey Dewdrops,Silver Lining,False,INDIFFERENT,2:23,143,IHAdLxlosz4
Dress Like A Pirate,Madilyn Mei,Dress Like A Pirate,False,INDIFFERENT,2:39,159,UzUHYtqP2r8
Roll With Me,Lindsay Lou,Southland,False,INDIFFERENT,4:04,244,Y-0yPsDQhps
Satellite,Lindsay Lou,Southland,True,LIKE,2:49,169,Ld8VNub-c-4
White Rabbit,"Grace Slick, The Great Society",Grace Slick & The Great Society,False,INDIFFERENT,6:15,375,JxxnDGWI3e8
Let Me Try,MC5,Back In The USA,False,INDIFFERENT,4:14,254,kffhbhcdqlo
Hot Dusty Roads,Buffalo Springfield,Buffalo Springfield,False,INDIFFERENT,2:52,172,tX8E7W379sw
Get It on Time,Black Lips,Sing in a World That's Falling Apart,False,INDIFFERENT,3:07,187,jSMnOqwJL3Y
If You Want This Love,The West Coast Pop Art Experimental Band,Part One,False,INDIFFERENT,2:52,172,JpNRCG3Kceg
Astral Plane,The Modern Lovers,The Modern Lovers (Expanded Version),False,INDIFFERENT,3:01,181,Y0LesdhYkkQ
Draft Morning,The Byrds,The Notorious Byrd Brothers,False,INDIFFERENT,2:43,163,Nbsbh1oj9jk
Baby Blue,The Chocolate Watch Band,Inner Mystique,False,INDIFFERENT,3:13,193,1tLuzPrZJaY
Fear Is A Man's Best Friend,John Cale,Fear,False,INDIFFERENT,3:53,233,cm2tVda1LGE
I Love You (Session Outtake) (Session Outtake; 2015 Remaster),The Velvet Underground,Loaded,False,INDIFFERENT,2:54,174,UaFQlI16Pjk
"Going, Going, Gone",Bob Dylan,Planet Waves,False,INDIFFERENT,3:27,207,-LRdeHSaZBs
Vicious,Lou Reed,Transformer,False,INDIFFERENT,2:57,177,BVcj_lo1F6o
White Light/White Heat,The Velvet Underground,White Light / White Heat,True,LIKE,2:48,168,AJy0LP8iYPg
Scarlet Town,Gillian Welch,The Harrow & The Harvest,False,INDIFFERENT,3:40,220,aVdjP8XfU_0
Dirty Old Town,Craig Cardiff,Goodnight (Go Home),False,INDIFFERENT,4:07,247,zigLhs8ZIIA
The Conch Republic Song,Michael McCloud,"Best of Key West, Vol. 2",False,INDIFFERENT,2:44,164,RU2U3PYpFrc
My Darlin' Hometown,John Prine,Fair and Square,False,INDIFFERENT,3:15,195,ZPZirGHcyQ4
Winter's Come And Gone,Gillian Welch,Hell Among The Yearlings,False,INDIFFERENT,2:16,136,nzZLpjT5jgM
When My Race Is Run,"Golden Highway, Molly Tuttle",City of Gold,False,INDIFFERENT,4:23,263,fFz6ymyQhXY
Tell It To Me,Old Crow Medicine Show,O.C.M.S.,,INDIFFERENT,2:48,168,7VkM6QCxEVs
How High,The Record Company,Play Loud,False,INDIFFERENT,3:13,193,2Qb8w2ULZAE
Wash Away (Reprise),Joe Purdy,Julie Blue,False,INDIFFERENT,3:01,181,o3POrvU_ZzM
Creature,Tijuana Panthers,Max Baker,False,INDIFFERENT,2:59,179,2QPt5GVwJNk
Take Us Back,Alela Diane,To Be Still,False,INDIFFERENT,4:44,284,Xqb4R6Pyyv4
Statesboro Blues,Blind Willie McTell,The Ultimate Collection,False,INDIFFERENT,2:31,151,cXuCuoScurk
Call to Arms,Sturgill Simpson,A Sailor's Guide to Earth,True,LIKE,5:30,330,VuiR4AtH1fc
I Followed Fires,Matthew And The Atlas,Kingdom of Your Own,False,INDIFFERENT,3:49,229,5zexmRxxJlY
Dos Banjos,Billy Strings,Billy Strings - EP,False,INDIFFERENT,3:07,187,8ag-F986iI4
Who the Devil (Live),The Wood Brothers,Live at the Barn,False,INDIFFERENT,5:03,303,A1Ajs5ZQCWo
Set Ourselves Free,Uncle Lucius,And You Are Me,False,INDIFFERENT,4:17,257,k1i6Jh8sP0I
Games People Play,The Georgia Satellites,Shaken Not Stirred,False,INDIFFERENT,3:38,218,kPjqYCtVjZs
Barnacles,Ugly Casanova,Sharpen Your Teeth (Bonus Track Version),False,INDIFFERENT,5:05,305,fPmF9v3bJpQ
If You're Gonna Play in Texas (You Gotta Have a Fiddle in the Band),Turnpike Troubadours,High Cotton: The Songs of Alabama,False,INDIFFERENT,3:16,196,ra9_eYo6900
Dancing In The Dark,Ruth Moody,These Wilder Things,False,INDIFFERENT,4:19,259,zXC9MmaCo_A
The Circle Game (2008 Remaster),Tom Rush,The Circle Game [Expanded & Remastered],False,INDIFFERENT,5:17,317,dURdp9tXa6k
Didn't Leave Nobody But The Baby,"Alison Krauss, Emmylou Harris, Gillian Welch","O Brother, Where Art Thou? (Original Motion Picture Soundtrack)",False,INDIFFERENT,1:58,118,q_wq-M7iCSE
Dirty Lie,The Secret Sisters,Put Your Needle Down,False,INDIFFERENT,2:55,175,K5t95CIoID4
"Don't Think Twice, It's All Right",The Infamous Stringdusters,Undercover,True,LIKE,4:26,266,Wewb33DJSz0
Wearin' A Hole,The SteelDrivers,Hammer Down,False,INDIFFERENT,3:25,205,ucwwVq0UMgg
The Dragon Song,Bonnie 'Prince' Billy,Pete's Dragon (Original Motion Picture Soundtrack),False,INDIFFERENT,2:29,149,O7K8Y1g06dY
Irish Washerwoman,Pa's Fiddle Band,The Arkansas Traveler: Music from Little House On the Prairie,False,INDIFFERENT,2:49,169,wQ1lApMT54o
Song for a Winter's Night,Christopher Shaw & Bridget Ball,Mountain Snow and Mistletoe,False,INDIFFERENT,3:26,206,WEdTn-wdJd8
In My Arms,Will Killen,In My Arms,False,INDIFFERENT,2:55,175,W-TwP-etVxg
Fade Away,Beau Bradley,Fade Away,False,INDIFFERENT,3:54,234,veqRfVYS68M
Ode To A Butterfly,Nickel Creek,Nickel Creek,False,INDIFFERENT,4:09,249,urfWMaY3z-E
"Solidarity Forever (Live From Victoria, Courtenay, And Vancouver, British Columbia / February, 1981)",Utah Phillips,"We Have Fed You All A Thousand Years (Live From Victoria, Courtenay, And Vancouver, British Columbia / February, 1981)",False,INDIFFERENT,4:30,270,5rBVd9JAz3M
Sally Goodin',Nat Keefe with The Bow Ties,Sally Goodin',False,INDIFFERENT,3:50,230,X_DgAiTRuSU
Parlez nous a boire,The Balfa Brothers,"The Balfa Brothers Play Traditional Cajun Music, Vol. 1 & 2",False,INDIFFERENT,3:12,192,jm-_5vF7Zj4
Old Man,James Blundell,Hand It Down,False,INDIFFERENT,4:04,244,HyNa64RAwYA
Hemingway's Whiskey,Guy Clark,Somedays The Song Writes You,False,INDIFFERENT,2:55,175,ujffnzgkOL4
Undone in Sorrow,Ola Belle Reed,Rising Sun Melodies,,INDIFFERENT,3:20,200,Wr9_SxBgMII
He Was A Friend Of Mine,Dave Van Ronk,Folksinger,,LIKE,3:31,211,fmhJVDnrtcg
Never Make It Home,Split Lip Rayfield,Never Make It Home,False,INDIFFERENT,3:10,190,g6dg_JKDW8k
Satellite,Lindsay Lou,Southland,True,LIKE,2:49,169,Ld8VNub-c-4
Long Hot Summer Days,Sara Watkins,The Peanut Butter Falcon (Original Motion Picture Soundtrack),False,INDIFFERENT,3:16,196,OSh9D9iTw-4
Torn Screen Door (feat. David Francey),David Francey,Torn Screen Door,False,INDIFFERENT,1:38,98,F6eNqyKSO5E
The World Is Turned Upside Down,Maddy Prior & The Carnival Band,Hang Up Sorrow And Care,False,INDIFFERENT,3:07,187,t-eSGMlxx5I
Nottamun Town,Jean Ritchie,Mountain Hearth & Home,False,INDIFFERENT,2:29,149,UGU1yR3wPlw
Cajun Waltz,JC Miller,Cajun Waltz,False,INDIFFERENT,5:56,356,LmLLrWyQ-TA
Mona Lisa,Grant-Lee Phillips,Virginia Creeper,False,INDIFFERENT,4:12,252,J5D67C5MJrM
Foggy Mountain Special,Brad Kolodner,Chimney Swifts,,INDIFFERENT,3:40,220,EO6eec8Frjo
No Sanctuary Here,Chris Jones,Roadhouses & Automobiles,False,INDIFFERENT,3:46,226,_DXCKkW-_Sw
Beyond This Wall,Jake Blount,Spider Tales,,INDIFFERENT,3:26,206,LqQuN3kYRIY
Harvest Moon (feat. AJ Lee & Blue Summit),The Brothers Comatose,Harvest Moon,False,INDIFFERENT,4:42,282,4yRxiQ7AxKw
Five Miles From Town,Brad Kolodner,Chimney Swifts,,INDIFFERENT,3:10,190,B_Q-_wW1a0Q
Chimney Swifts,Brad Kolodner,Chimney Swifts,,LIKE,3:47,227,Xrf5C8vgqfs
December,Zoe Boekbinder,Artichoke Perfume,False,INDIFFERENT,1:52,112,nymyIUmPid4
Freight train,Elizabeth Cotten,Freight Train and Other North Carolina Folk Songs and Tunes,,INDIFFERENT,2:46,166,If5ZGXKG9bw
I Am A Man Of Constant Sorrow (Instrumental),Norman Blake,"O Brother, Where Art Thou? (Original Motion Picture Soundtrack)",False,INDIFFERENT,4:30,270,s-xRawj4dZo
Shake Sugaree,Muireann Bradley,I Kept These Old Blues,True,LIKE,5:49,349,2HYgGoG2OpU
Little Boxes,Malvina Reynolds,The Best of Broadside 1962-1988: Anthems of the American Underground from the Pages of Broadside Magazine,False,INDIFFERENT,2:11,131,khLXh67VyEc
I Dream A Highway,Gillian Welch,Time (The Revelator),False,INDIFFERENT,14:43,883,GLjcUFnZjNk
Can't Help But Wonder Where I'm Bound (Acoustic),Moonalice,Mother & Child,False,INDIFFERENT,3:57,237,4S3as0jgjbE
Loretta,Townes Van Zandt,Flyin' Shoes,False,INDIFFERENT,3:56,236,9ZhYqYuhiys
In the Long Run,The Staves,Dead & Born & Grown,False,INDIFFERENT,2:46,166,r9jplxkIQYg
Turntable,Dead Horses,Turntable,False,INDIFFERENT,3:15,195,AAywD7nmOhk
The Curse of the Blackened Eye,Orville Peck,Bronco: Chapters 1 & 2,False,INDIFFERENT,4:11,251,BA9LNzm6Ccs
Goodbye Boozy Suzy,Golden Shoals,Reasons to Run,True,LIKE,2:55,175,Ng1Ux725PR8
Distant Star,First Aid Kit,Ruins,False,INDIFFERENT,3:09,189,xmKEy5mIBfg
Dark Mountainside,Carolina Blue,I Hear Bluegrass Calling Me,False,INDIFFERENT,4:06,246,bUXrjBRgcl8
My Bucket's Got a Hole in It,"Carrie Rodriguez, Chip Taylor",Red Dog Tracks,False,INDIFFERENT,2:32,152,HcKtIH_OGlY
Eid Ma Clack Shaw,Bill Callahan,Sometimes I Wish We Were An Eagle,False,INDIFFERENT,4:20,260,_xOWjELJwv0
Ghost of Your Worries,Blackwater Railroad Company,Onsara Series (Part I),False,INDIFFERENT,5:02,302,XO07dl3m6fo
They Called it Music,The Gibson Brothers,They Called It Music,False,INDIFFERENT,3:30,210,g65jZF0UDDg
Nothing to Lose,Andrew Combs,All These Dreams,False,INDIFFERENT,3:54,234,fzHRwGHNTNY
Jesus Would've Let Me Pick the Restaurant,Lilly Hiatt,Royal Blue,False,INDIFFERENT,4:10,250,o9UneEKPLW8
Hills of My Home,The Honey Dewdrops,Silver Lining,False,INDIFFERENT,4:20,260,VGBmY4x-VAo
Central Hillside Blues,Trampled By Turtles,Alpenglow,False,INDIFFERENT,3:25,205,soPz7QgGk2U
I Come From,Ordinary Elephant,Honest,False,INDIFFERENT,3:59,239,P92htwd2NRc
If I,Amanda Shires,Down Fell the Doves,False,INDIFFERENT,2:15,135,of-vUgsuH08
Satellite,Lindsay Lou,Southland,True,LIKE,2:49,169,Ld8VNub-c-4
Tied to the Wheel,Whitney Rose,Rule 62,False,INDIFFERENT,4:41,281,TnSkeFgR9a4
No Forever,Viv & Riley,Time Is Everything,,LIKE,3:56,236,0OOsaoO9ESE
Girl From the North Country (Bob Dylan Cover),Hayde Bluegrass Orchestra,Amerikakoffert,False,INDIFFERENT,4:19,259,Dj7Oe9_qr8Y
Ern & Zorry's Sneakin' Bitin' Dog,Dori Freeman,Letters Never Read,False,INDIFFERENT,2:10,130,tZ5PFRBMC28
Yonder Comes a Sucker,Dori Freeman,Letters Never Read,True,LIKE,2:09,129,gXrhRW5tIsA
Last of My Kind,Viv & Riley,Time Is Everything,,LIKE,4:23,263,3kC5wb_yw5Q
Vajrayana,Entheogenic,Oddiyana,,INDIFFERENT,8:41,521,M1MNUREodl8
Crown Shyness,Entheogenic,Oddiyana,,INDIFFERENT,10:17,617,Ijg9YIbu5i8
Prototaxities,Entheogenic,Oddiyana,,INDIFFERENT,9:24,564,KQu9Ys7ZONQ
Lotus Born,Entheogenic,Oddiyana,,INDIFFERENT,14:13,853,62LeS9IuARo
Dharmakaya,Entheogenic,Oddiyana,,INDIFFERENT,15:12,912,H_4wXExeSBo
Hit Parade Of Love,The Infamous Stringdusters,"2023/12/30 Asheville, NC",,INDIFFERENT,3:31,211,sUYwl6txFTc
Truth And Love,The Infamous Stringdusters,"2023/12/30 Asheville, NC",,INDIFFERENT,9:59,599,XJE_jOuJqeQ
Sharp Dressed Man,The Infamous Stringdusters,"2023/12/30 Asheville, NC",,INDIFFERENT,4:37,277,4m78yWmyUco
One More Bridge,The Infamous Stringdusters,"2023/12/30 Asheville, NC",,INDIFFERENT,3:36,216,2PYhWMlKufY
Back In The Goodle Days,The Infamous Stringdusters,"2023/12/30 Asheville, NC",,INDIFFERENT,4:57,297,0xL98s9uVWU
Shenandoah Breakdown,The Infamous Stringdusters,"2023/12/30 Asheville, NC",,INDIFFERENT,8:54,534,LeSY5EJ0JQQ
Jon Stickley And Lindsay Pruett Introduction,The Infamous Stringdusters,"2023/12/30 Asheville, NC",,INDIFFERENT,3:06,186,g-O44uZhHuw
Walking On The Moon,The Infamous Stringdusters,"2023/12/30 Asheville, NC",,INDIFFERENT,4:42,282,cwiQRHIMFFs
Back Home Again,The Infamous Stringdusters,"2023/12/30 Asheville, NC",,INDIFFERENT,8:57,537,gKo31pJkm8E
As It Was,The Infamous Stringdusters,"2023/12/30 Asheville, NC",,INDIFFERENT,3:20,200,ClCWbfoBdNg
Pig in a Pen,The Infamous Stringdusters,"2023/12/30 Asheville, NC",,INDIFFERENT,3:44,224,9Ya97r7hS6c
Colorado,The Infamous Stringdusters,"2023/12/30 Asheville, NC",,INDIFFERENT,6:33,393,OXC8nqOrUIA
Rise Sun,The Infamous Stringdusters,"2023/12/30 Asheville, NC",,INDIFFERENT,4:14,254,u6SDg2qk6Fw
Moon Man,The Infamous Stringdusters,"2023/12/30 Asheville, NC",,INDIFFERENT,8:45,525,xqC_FuDJ6Zg
Dream You Back,The Infamous Stringdusters,"2023/12/30 Asheville, NC",,INDIFFERENT,3:20,200,PJF-xPfDj-c
Letter From Prison,The Infamous Stringdusters,"2023/12/30 Asheville, NC",,INDIFFERENT,3:59,239,GY8_DdDHWQM
My Destination,The Infamous Stringdusters,"2023/12/30 Asheville, NC",,INDIFFERENT,7:48,468,6x6RiNsr3G4
No Resolution,The Infamous Stringdusters,"2023/12/30 Asheville, NC",,INDIFFERENT,5:04,304,f4m6SrHSRRk
Poor Boy's Delight,The Infamous Stringdusters,"2023/12/30 Asheville, NC",,INDIFFERENT,4:02,242,30i-AmuNbQA
Tragic Life,The Infamous Stringdusters,"2023/12/30 Asheville, NC",,INDIFFERENT,8:43,523,snbJ4p2XQ4c
40 West,The Infamous Stringdusters,"2023/12/30 Asheville, NC",,INDIFFERENT,3:35,215,Mvmdk0GtXeA
3x5,The Infamous Stringdusters,"2023/12/30 Asheville, NC",,INDIFFERENT,5:22,322,88PfOg9NYYk
Starry Night,The Infamous Stringdusters,"2023/12/30 Asheville, NC",,INDIFFERENT,3:36,216,XNDppLxdmLs
Fork In The Road,The Infamous Stringdusters,"2023/12/30 Asheville, NC",,INDIFFERENT,3:49,229,B1qAMbN6PvQ
No More To Leave You Behind,The Infamous Stringdusters,"2023/12/30 Asheville, NC",,INDIFFERENT,9:06,546,NWZnskOulCw
Fire On the Mountain,Iron Horse,Ridin' Out The Storm,False,INDIFFERENT,3:18,198,1xEyds9Z4II
Here I Am,Viv & Riley,Time Is Everything,,INDIFFERENT,4:56,296,Tl_J_rdA_zc
Every Goodbye,Viv & Riley,Time Is Everything,,LIKE,3:45,225,MRiyqLHOLmQ
Why Don't You Introduce Me as Your Darlin',Viv & Riley,Time Is Everything,,INDIFFERENT,3:31,211,nZug8tSEyJA
Cold Mountains,Viv & Riley,Time Is Everything,,INDIFFERENT,3:14,194,mXNwH0aR7Vo
Wishes and Dreams,Viv & Riley,Time Is Everything,,INDIFFERENT,4:50,290,Leq9saZYB1o
No Forever,Viv & Riley,Time Is Everything,,INDIFFERENT,3:56,236,0OOsaoO9ESE
Sturdy as the Land,Viv & Riley,Time Is Everything,,INDIFFERENT,4:03,243,djEg4-mna6E
Time is Everything,Viv & Riley,Time Is Everything,,INDIFFERENT,3:06,186,556gJIJR6rE
Bottom of the Glass,Viv & Riley,Time Is Everything,,INDIFFERENT,3:33,213,RhhePcKE70c
Last of My Kind,Viv & Riley,Time Is Everything,,LIKE,4:23,263,3kC5wb_yw5Q
Last of My Kind,Paul Burch,Last of My Kind,,LIKE,4:10,250,1Rboxn_ZFIs
You Got To Walk That Lonesome Valley,Mississippi John Hurt,Christian Hymns - Delta Blues,False,INDIFFERENT,2:46,166,HJHXt_upF1c
Prepare Your Coffin,Tortoise,Beacons Of Ancestorship,False,INDIFFERENT,3:40,220,ltgqgNuYAzY
High Class Slim Came Floatin' In,Tortoise,Beacons Of Ancestorship,False,INDIFFERENT,8:17,497,0RvZr3yXJVQ
Nightjar,Ivan the Tolerable,Autodidact II,,INDIFFERENT,2:52,172,4E_1GBRGfAs
A Letter To November,Ivan the Tolerable,Autodidact II,,INDIFFERENT,6:20,380,1g1nbhRkno4
Turkish Golden Scissors III,Ivan the Tolerable,Autodidact II,,INDIFFERENT,4:37,277,5N_otnNTBFo
The Smell Of Water,Ivan the Tolerable,Autodidact II,,INDIFFERENT,5:43,343,-snSCUy3Mhc
Red Oilcloth,Ivan the Tolerable,Autodidact II,,INDIFFERENT,3:58,238,SVLRpaL_7TE
Sandmartin,Ivan the Tolerable,Autodidact II,,INDIFFERENT,2:23,143,hBmxQSFbfGA
Wylder's Hand,Ivan the Tolerable,Autodidact II,,INDIFFERENT,3:58,238,oSmZY-qQD6A
Three Methods,Ivan the Tolerable,Autodidact II,,INDIFFERENT,4:53,293,oQmV2qi58Jc
Turkish Golden Scissors II,Ivan the Tolerable,Autodidact II,,INDIFFERENT,4:37,277,diMHXhUoP0g
Autodidact II,Ivan the Tolerable,Autodidact II,,INDIFFERENT,4:17,257,Vkp6BzYR9PQ
Helianthus,Ivan the Tolerable,Autodidact II,,INDIFFERENT,5:18,318,jOZXJ4OgpiI
On A Rock,Ivan the Tolerable,Autodidact II,,INDIFFERENT,4:21,261,Zk6VryWyXOo
Into The Well,Ivan the Tolerable,Autodidact II,,INDIFFERENT,2:57,177,ss2n5Caf3d0
Red Throated Diver,Ivan the Tolerable,Autodidact II,,INDIFFERENT,2:19,139,eELeHvxQqMc
Turkish Golden Scissors I,Ivan the Tolerable,Autodidact II,,INDIFFERENT,14:34,874,4tNPwNJFhIo
The Centre Is Everything,Ivan the Tolerable,The Aleph,False,INDIFFERENT,3:40,220,6VtjsXH2jQ0
Aleph III,Ivan the Tolerable,The Aleph,False,INDIFFERENT,3:26,206,LBf3Ii8Rowk
All Space Was There,Ivan the Tolerable,The Aleph,False,INDIFFERENT,4:12,252,IXtQA6Pzsqk
The Prince Of Wits,Ivan the Tolerable,The Aleph,False,INDIFFERENT,6:27,387,nNu2mwQcNFw
Aleph II,Ivan the Tolerable,The Aleph,False,INDIFFERENT,5:27,327,VZD2ZbeUTAI
Tangled Hair,Ivan the Tolerable,The Aleph,False,INDIFFERENT,5:17,317,2VpQr6PECGE
Black Pyramid,Ivan the Tolerable,The Aleph,False,INDIFFERENT,5:38,338,EmRpauCn2Yw
Godhead,Ivan the Tolerable,The Aleph,False,INDIFFERENT,5:17,317,dTribokDa70
Aleph I,Ivan the Tolerable,The Aleph,False,INDIFFERENT,4:47,287,diqeXaZ0zds
Prologue Canto,Ivan the Tolerable,The Aleph,False,INDIFFERENT,5:51,351,CWnlwL2MQcc
Memory,Ivan the Tolerable,Black Water/Brown Earth,True,LIKE,11:42,702,naEQW6Z8Cr0
Silver Lawn,Ivan the Tolerable,Black Water/Brown Earth,False,INDIFFERENT,3:24,204,VuW0s6RFjf8
Signs,Ivan the Tolerable,Black Water/Brown Earth,False,INDIFFERENT,7:50,470,9pWvWm2n03M
Birds,Ivan the Tolerable,Black Water/Brown Earth,False,INDIFFERENT,2:17,137,lEsolo2zRkc
Seaweed,Ivan the Tolerable,Black Water/Brown Earth,False,INDIFFERENT,7:34,454,ueTDfo7c50c
Sawdust,Ivan the Tolerable,Black Water/Brown Earth,False,INDIFFERENT,2:22,142,53eB-vaXQVM
Dew Damp,Ivan the Tolerable,Black Water/Brown Earth,False,INDIFFERENT,6:30,390,poznoZTjrVs
Moon Milk,Ivan the Tolerable,Black Water/Brown Earth,False,INDIFFERENT,2:50,170,B5nAO8ujpxU
Slow Deep Salt and Silent Black,Ivan the Tolerable,Black Water/Brown Earth,False,INDIFFERENT,9:32,572,y5-_9T7R8jY
The Labyrinth,Ivan the Tolerable,Black Water/Brown Earth,False,INDIFFERENT,2:20,140,h6nmJNz77cU
Before The Sun Sinks,Ivan the Tolerable,Black Water/Brown Earth,False,INDIFFERENT,8:35,515,Z-1t4Gmy344
Going out West,Hayde Bluegrass Orchestra,Migrants,False,INDIFFERENT,3:58,238,UaCvk-zHRQM
Lucy Gray (part 2) (from The Hunger Games: The Ballad of Songbirds & Snakes),Rachel Zegler,The Hunger Games: The Ballad of Songbirds & Snakes (Music From & Inspired By),,INDIFFERENT,3:19,199,2TeS0wplw9M
Keep On The Sunny Side (from The Hunger Games: The Ballad of Songbirds & Snakes),"Josie Hope Hall, The Covey Band",The Hunger Games: The Ballad of Songbirds & Snakes (Music From & Inspired By),,INDIFFERENT,2:44,164,6YO7vFFD12Q
Winter's Come and Gone (from The Hunger Games: The Ballad of Songbirds & Snakes),Charles Wesley Godwin,The Hunger Games: The Ballad of Songbirds & Snakes (Music From & Inspired By),,INDIFFERENT,2:50,170,aHtHBiAgysU
Pure As The Driven Snow (from The Hunger Games: The Ballad of Songbirds & Snakes),"Rachel Zegler, The Covey Band",The Hunger Games: The Ballad of Songbirds & Snakes (Music From & Inspired By),,INDIFFERENT,3:54,234,ISucPnIrgBs
Lucy Gray (part 1) (from The Hunger Games: The Ballad of Songbirds & Snakes),Rachel Zegler,The Hunger Games: The Ballad of Songbirds & Snakes (Music From & Inspired By),,INDIFFERENT,2:42,162,qbPIl8mqjms
Cabin Song (from The Hunger Games: The Ballad of Songbirds & Snakes),Billy Strings,The Hunger Games: The Ballad of Songbirds & Snakes (Music From & Inspired By),,INDIFFERENT,3:27,207,4Y2ak4hh1aI
Nothing You Can Take From Me (Boot-Stompin' Version) (from The Hunger Games: The Ballad of Songbirds & Snakes),"Rachel Zegler, The Covey Band",The Hunger Games: The Ballad of Songbirds & Snakes (Music From & Inspired By),,INDIFFERENT,3:14,194,Ym8JURyCNXk
District 12 Stomp (from The Hunger Games: The Ballad of Songbirds & Snakes),The Covey Band,The Hunger Games: The Ballad of Songbirds & Snakes (Music From & Inspired By),,INDIFFERENT,0:44,44,hGRwUK2RBhU
Burn Me Once (from The Hunger Games: The Ballad of Songbirds & Snakes),Bella White,The Hunger Games: The Ballad of Songbirds & Snakes (Music From & Inspired By),,INDIFFERENT,3:21,201,CeYXXxSPHUc
The Old Therebefore / Singing at Snakes (from The Hunger Games: The Ballad of Songbirds & Snakes),"James Newton Howard, Rachel Zegler",The Hunger Games: The Ballad of Songbirds & Snakes (Music From & Inspired By),,INDIFFERENT,2:49,169,EcFNUxKgNb8
Bury Me Beneath The Willow (from The Hunger Games: The Ballad of Songbirds & Snakes),Molly Tuttle,The Hunger Games: The Ballad of Songbirds & Snakes (Music From & Inspired By),,LIKE,3:43,223,otqQ8yVnIqE
The Ballad of Lucy Gray Baird (from The Hunger Games: The Ballad of Songbirds & Snakes),Rachel Zegler,The Hunger Games: The Ballad of Songbirds & Snakes (Music From & Inspired By),,LIKE,2:20,140,74LYZuxHom0
The Garden (from The Hunger Games: The Ballad of Songbirds & Snakes),Sierra Ferrell,The Hunger Games: The Ballad of Songbirds & Snakes (Music From & Inspired By),,LIKE,3:43,223,oqyL-fDiXkU
Nothing You Can Take From Me (from The Hunger Games: The Ballad of Songbirds & Snakes),Rachel Zegler,The Hunger Games: The Ballad of Songbirds & Snakes (Music From & Inspired By),,INDIFFERENT,1:36,96,dSL7DlaLukY
Wool (from The Hunger Games: The Ballad of Songbirds & Snakes),Flatland Cavalry,The Hunger Games: The Ballad of Songbirds & Snakes (Music From & Inspired By),,INDIFFERENT,3:50,230,epz80uwyivw
Because I Was Lonely,Ward Wills,When To Say Goodbye,False,INDIFFERENT,2:33,153,9itq7vaANik
Spirits,"Evil Needle, Misha",Chillhop Essentials Fall 2021,False,INDIFFERENT,3:09,189,BDuDCIt2eiY
Samui Sunrise,Saib,Samui Sunrise,False,INDIFFERENT,3:24,204,myRx1SRqxic
Velvet Garden,City Girl,Neon Impasse,False,INDIFFERENT,3:54,234,ULgPNlTfinM
Fireplace,Sleepy Fish,Beneath Your Waves,False,INDIFFERENT,2:39,159,IsLFK8TkaVw
Snacks Pt. 1,"Kyle McEvoy, Louk, No Spirit, Philanthrope",Snacks,False,INDIFFERENT,2:57,177,RjQxmy90hTg
Birds Fly Higher Than The Moon,Yasper,Birds Fly Higher Than The Moon,False,INDIFFERENT,2:44,164,EX2d37tT5fo
A Day at the Beach,Pandrezz & j’san,Hometown,False,INDIFFERENT,2:50,170,UiCRuNo4dGg
Daybreak,cocabona,Daybreak,False,INDIFFERENT,3:29,209,y3PKcVd7UtM
Hanging Lanterns,Kalaido,Hanging Lanterns,False,INDIFFERENT,3:54,234,cukiBQ18NgE
for when it’s warmer,Sleepy Fish,Chillhop Essentials Summer 2019,False,INDIFFERENT,3:37,217,hG6YzmvbosI
Still,"Idealism, Philanthrope",Chillhop Daydreams 2,False,INDIFFERENT,3:34,214,1FxeCa6kypU
Velocities,Sleepy Fish,Velocities,False,INDIFFERENT,3:12,192,JgI6z6aQhEA
Eternal Youth,Rude.,Eternal Youth,False,INDIFFERENT,3:26,206,_BWPNPtsZm8
1. Dreams,briqs,Dreams,False,INDIFFERENT,1:36,96,TEOwoK-CMes
Rainbow Roll,Strehlow,Late Night Essentials,False,INDIFFERENT,2:06,126,SCTMdJ1cuoU
Future,"Astairé, Paul Grant",Future,False,INDIFFERENT,2:29,149,_LY6aFUVmOU
Opiate,Evil Needle,Chillhop Essentials Spring 2022,False,INDIFFERENT,2:51,171,YeSgtLJQGJs
Azimuth,Dpsht,Azimuth,False,INDIFFERENT,1:41,101,Jcp48M-vRJw
Gardenia,DRWN.,Gardenia,False,INDIFFERENT,2:05,125,kOmmYiigFLE
Traveller,Dualizm,Traveller,False,INDIFFERENT,2:11,131,pZC82a-2eo0
she,Sans,she,False,INDIFFERENT,3:06,186,xv3qKrCq2w8
Lost In This Moment,"Evil Needle, Misha",Chillhop Essentials Summer 2022,False,INDIFFERENT,3:50,230,0am_BfODDvc
Moony,The BREED,Moony,False,INDIFFERENT,2:07,127,SSy4VdjEJKM
thinking of you,"Kyle McEvoy, Philanthrope, mommy",Inaudible,False,INDIFFERENT,2:11,131,Pts5UXY6R5U
Summer Soft,"Ruck P, Shuko",Summer Soft,False,INDIFFERENT,2:30,150,J1AOKFRqCjg
5:32pm,The Deli,Vibes 2,False,INDIFFERENT,2:17,137,6ustyT4Kx-g
Aftermath,Beamer,Aftermath,False,INDIFFERENT,2:55,175,uCW2sZZofhk
grainy days,Moody.,grainy days,False,INDIFFERENT,2:24,144,L2apFB6EF-Y
Affection,Jinsang,Life,False,INDIFFERENT,1:58,118,LbHsWjX9dv4
Sonria,Chris Mazuera,Sonria,False,INDIFFERENT,1:57,117,u04paoFoJeo
i'm closing my eyes,potsu,i'm closing my eyes,False,INDIFFERENT,1:59,119,xSB8trUFX1A
Nonchalant (feat. Hiroshi Suzuki),Dire Beats,Nonchalant,False,INDIFFERENT,1:22,82,tsw1LgVkFjE
Mramor,Chau Sara,Time Travel,False,INDIFFERENT,2:19,139,RcoBPyF5wXg
The Afternoon,Boztown,The Afternoon,False,INDIFFERENT,2:08,128,uyemSV1SpnE
Bustlin,"LESKY, Midan",Park,False,INDIFFERENT,1:46,106,U8bM8mLlhUs
Bees And Apple Trees,"Heinrich Schlupf, Loufish",Bees And Apple Trees,False,INDIFFERENT,1:50,110,EnLWwwtO1-A
Far Away,sleepsleepsleep,Far Away,False,INDIFFERENT,1:56,116,0C1NFu4NB_4
Santa Anna,Tom Doolie,Santa Anna,False,INDIFFERENT,2:01,121,mHKNroJOcig
Wonderful Day,Kind Puppy,Wonderful Day,False,INDIFFERENT,2:24,144,72b8D6s_y_U
Started Ballin',"Brenk Sinatra, Shuko",Started Ballin',False,INDIFFERENT,2:42,162,JbXkjRqWTxc
Controlla,Idealism,rainy evening,False,INDIFFERENT,1:48,108,_mAPAtjWZGE
Jazzy Wave,yourneighborsclassicbeats,Jazzy Wave,False,INDIFFERENT,2:07,127,P-zJCLBqZc4
Floater,Auxjack,Welcome to My Lofi House,False,INDIFFERENT,2:03,123,uJv3YCk9wD4
Reprisal,Rafael Anton Irisarri,A Fragile Geography,False,INDIFFERENT,9:40,580,GHipjUKMoYg
Zephyr,loscil,Plume,False,INDIFFERENT,5:19,319,1EXc96ZBPX4
Stave Peak,Loscil,Coast / Range / Arc,,INDIFFERENT,6:41,401,v5ke9itwVIU
Variety Stomp,Tuba Skinny,Blue Chime Stomp,False,INDIFFERENT,3:40,220,qr-NgbLq0A4
Shake It And Break It,Tuba Skinny,Blue Chime Stomp,False,INDIFFERENT,3:10,190,04vefKDPs7s
All By Myself,Tuba Skinny & Jam in the Van,"Tuba Skinny - Jam in the Van (Live Session, New Orleans, LA 2022)",False,INDIFFERENT,4:48,288,NMvw02YHPaU
Hard Times Come and Go,Pokey LaFarge,Riverboat Soul,,INDIFFERENT,3:46,226,VtRilacn8lo
Broken Hearted Blues,Tuba Skinny,Blue Chime Stomp,False,INDIFFERENT,4:41,281,0KWWZDNFHvs
Sing Sing Sing,Benny Goodman,Mambo-Swing y Beguine,False,INDIFFERENT,5:03,303,G7fARRnhWSg
Too Tight,Tuba Skinny,Owl Call Blues,False,INDIFFERENT,3:37,217,4XiWwxOC6V8
Wee Midnight Hours,Tuba Skinny,Some Kind-A-Shake,,INDIFFERENT,4:22,262,4dZTE4-_AZk
Thriller Rag,Tuba Skinny,Some Kind-A-Shake,,INDIFFERENT,3:47,227,29RWqxjAEuQ
Big River Ballad,Benjamin Tod,Songs I Swore I'd Never Sing,False,INDIFFERENT,5:14,314,yFCjoCJntaA
Why Me?,Big Bad Voodoo Daddy,Rattle Them Bones (Deluxe Edition),False,INDIFFERENT,3:35,215,fOIATCEefvY
Walkin Talkin Deadman,The Pine Hill Haints,Ghost Dance,False,INDIFFERENT,2:31,151,xBYyLyoGBiA
"Milk Cow Blues (feat. Richard Watson, Josh Graves & Doc Watson)",Nitty Gritty Dirt Band,Will The Circle Be Unbroken (Vol. III),False,INDIFFERENT,5:05,305,rgzB1eqT-h0
That's What I Like 'Bout The South (feat. Texas Playboys),Bob Wills,For The Last Time,False,INDIFFERENT,2:46,166,BKxoJKtoHP8
When in Rome (Live),Nickel Creek,Live from the Fox Theater,False,INDIFFERENT,4:50,290,0z0qzwosA6U
Late July,Spooky Wagons,Western Unplugged - Volume Two,False,INDIFFERENT,5:20,320,0S1MggOowfU
Zoot Suit Riot (20th Anniversary),Cherry Poppin' Daddies,Zoot Suit Riot: The 20th Anniversary Edition,False,INDIFFERENT,3:57,237,bfxpkfQRqGo
Gracefully Facedown (Live),The Devil Makes Three,Kexp Presents: The Devil Makes Three Live in Studio - EP,False,INDIFFERENT,3:27,207,FGt1_5rUr14
The Devil Ain't Lazy,Pokey LaFarge,Pokey LaFarge,,INDIFFERENT,2:40,160,p2FA6c6dEG0
Techno Party,"Tujamo, VINNE, & Murotani",Techno Party,False,INDIFFERENT,3:18,198,Hl58EdP9tvY
Santorini (Club Dub) (feat. ASTA),Mark Maxwell,Santorini (Club Dub),False,INDIFFERENT,2:58,178,LEiMUpPiU-s
Rhymes,"Chris Lorenzo, Hannah Wants",Rhymes,False,INDIFFERENT,3:21,201,rPivT_KYaJM
Elevate,Deeper Purpose,Elevate,False,INDIFFERENT,3:32,212,hSGc12O-6og
Take It,Dom Dolla,Take It,False,INDIFFERENT,3:55,235,Gz4K2N88kjM
Make Me Feel,"DJ Hanzel, Dillon Francis",Make Me Feel,False,INDIFFERENT,3:33,213,EK0BU4eJ7S4
Talking To Myself,Qubiko,Talking To Myself,False,INDIFFERENT,3:34,214,hqxI5KeEL2k
UP,Dune Rats,UP,False,INDIFFERENT,3:23,203,p9G6ZSoKg7M
D.A.N.C.E,Justice,Cross,True,INDIFFERENT,4:03,243,P0Nryn0YZ-A
Flexing (Extended Mix),"Nahswille, Zhanti",Flexing,False,INDIFFERENT,3:24,204,ccAlu89ZlSc
Gimme That Bounce,Mau P,Gimme That Bounce,False,INDIFFERENT,3:38,218,dM91fZEYfjM
The Boxer,Simon & Garfunkel,Over the Bridge of Time: A Paul Simon Retrospective (1964-2011),False,INDIFFERENT,5:08,308,2IClvIiS7_c
Chimney Swifts,Brad Kolodner,Chimney Swifts,,LIKE,3:47,227,Xrf5C8vgqfs
Lost Highway,Hank Williams,Health & Happiness Shows,False,INDIFFERENT,3:24,204,92dezZCxer8
Around the World,Daft Punk,Homework,,LIKE,7:10,430,Jb6gcoR266U
Un Rayo Del Sol,Chakachas,Jungle Fever,False,INDIFFERENT,2:50,170,2JAEMdiFHAg
Tired Of Being Alone,Al Green,Gets Next To You,True,LIKE,2:53,173,BEBHIV9L3uc
Bound to Ride,"John Hartford, Tony Rice, Vassar Clements",Hartford Rice and Clements,,INDIFFERENT,1:59,119,BdWeRIYBZq4
Howard Hughes' Blues,Wood & Wire,"The Woodshed Sessions, Vol. 2",,LIKE,3:25,205,d1xHusoNg3s
The Sunny Side of Life,"Nancy Blake, Norman Blake",The Morning Glory Ramblers,False,INDIFFERENT,3:21,201,KjJGgm353eU
Punk Rock Girl,The Dead Milkmen,Beelzebubba,False,INDIFFERENT,2:39,159,R_dXMrssU_o
Ripples of the Mind,"Shpongle, Simon Posford",Flux & Contemplation - Portrait of an Artist in Isolation,,INDIFFERENT,3:48,228,jWHptnuVBew
Forgot About Dre (feat. Eminem),Dr. Dre,2001,False,INDIFFERENT,3:43,223,SqTSgCdDaaM
Too Long / Steam Machine,Daft Punk,Alive 2007,,INDIFFERENT,7:02,422,ifJxwoDmQqY
Me and Paul,Willie Nelson,One Hell Of A Ride,True,LIKE,3:49,229,lMugPjewv-0
Old Number Seven,The Devil Makes Three,The Devil Makes Three,False,INDIFFERENT,3:21,201,1tp4Vyltijw
Help Me Scrape the Mucus off My Brain,Ween,12 Golden Country Greats,,INDIFFERENT,2:46,166,vA9B4VU8FlM
Pigs,Wood & Wire,Pigs,False,INDIFFERENT,4:15,255,s_6cK3CgjFc
The Other Side of This Life,"Peter, Paul & Mary","Peter, Paul and Mary Album",True,LIKE,3:04,184,_mVXZdPgGUY
Julie,Rhiannon Gibbens,Tunes from David Holt's State of Music,False,INDIFFERENT,3:41,221,DSvQaAeaV00
If I Should Wander Back Tonight,"John Hartford, Tony Rice, Vassar Clements",Hartford Rice and Clements,,INDIFFERENT,3:49,229,rWek-GkaACA
Industrial Good Day Mantra,M Ross Perkins,E Pluribus M Ross,,LIKE,4:16,256,pKUc0RVGoSc
Mean Mother Blues,Julian Lage & Chris Eldridge,Avalon,,LIKE,3:44,224,7yD5urQ29_A
Chimes of Freedom,The Byrds,Mr. Tambourine Man,False,INDIFFERENT,3:52,232,zvBKeB44Qkw
Television Rules the Nation / Crescendolls,Daft Punk,Alive 2007,,INDIFFERENT,4:51,291,F6e2rM2-oLY
You Never Can Tell (C'est la Vie),Emmylou Harris,Profile: Best of Emmylou Harris,False,INDIFFERENT,3:27,207,-7S6XVoIVDI
54-46 Was My Number,Toots & The Maytals,In The Dark,False,INDIFFERENT,3:25,205,wNxNwvjzGM0
On The Sunny Side Of Life,Country Gentlemen,The Early Rebel Recordings: 1962-1971,,LIKE,2:21,141,cgzjR8GBzkQ
"Around the World / Harder, Better, Faster, Stronger",Daft Punk,Alive 2007,,INDIFFERENT,5:43,343,kcxK1Tnwy5M
The Gambler,Kenny Rogers,The Gambler,False,INDIFFERENT,3:35,215,w4RvskuFnPY
Germination,"Shpongle, Simon Posford",Flux & Contemplation - Portrait of an Artist in Isolation,,INDIFFERENT,2:14,134,8XabjqbkjCs
On a Rainy Day,"Shpongle, Simon Posford",Flux & Contemplation - Portrait of an Artist in Isolation,,INDIFFERENT,3:13,193,EoEsnrRnV2I
Okie From Muskogee,Merle Haggard,Down Every Road 1962-1994,True,LIKE,2:45,165,3dM03dG3zv4
Faster Horses (The Cowboy And The Poet),Tom T. Hall,"Tom T. Hall - Storyteller, Poet, Philosopher",False,INDIFFERENT,2:53,173,UD8ytadaNI8
Are You Sure Hank Done It This Way,Waylon Jennings,Greatest Hits,True,LIKE,2:55,175,6PLPmmfeNd4
"Goodbye, Barcelona",Pokey LaFarge,Something In The Water,True,LIKE,4:43,283,tWGv2IOG1hI
Dark Eyes (Ochi Chornye),Hot Club of Cowtown,Rendezvous in Rhythm,,LIKE,3:55,235,nnL5JF4imc0
Deep Pockets,Yonder Mountain String Band,Old Hands,True,LIKE,3:16,196,7hVcUa2ZYGA
Mean Mother Blues,The Seldom Scene with John Starling,Long Time... Seldom Scene,True,LIKE,3:07,187,UKy_Q-SvPHQ
Houdini,Foster The People,Torches,False,INDIFFERENT,3:23,203,Mg5eb7BA-e4
Feel Good Inc.,Gorillaz,Demon Days,False,INDIFFERENT,3:43,223,NxxjLD2pmlk
Teardrop (feat. Elizabeth Fraser),Massive Attack,Mezzanine,False,INDIFFERENT,5:31,331,3h-JYx76QNM
Them Changes,Thundercat,The Beyond / Where the Giants Roam,False,INDIFFERENT,3:08,188,35-MnoI1drY
Casio,Jungle,For Ever,False,INDIFFERENT,3:55,235,02nFGcia31M
Music Sounds Better With You,Stardust,Music Sounds Better With You,True,LIKE,6:44,404,Hf244LCkkLc
One More Time,Daft Punk,Discovery,,INDIFFERENT,5:21,321,fa5IWHDbftI
Giorgio by Moroder,Daft Punk,Random Access Memories,True,LIKE,9:05,545,ZFZM6jDTWd4
Jamestown Ferry,Charley Crockett,Lil G.L.'s Honky Tonk Jubilee,False,INDIFFERENT,3:07,187,6bIkqAF4ZOs
Way of the Triune God (Hallelujah Version),Tyler Childers,Can I Take My Hounds to Heaven?,False,INDIFFERENT,3:29,209,YYC4scj5rXY
Cabin Song (from The Hunger Games: The Ballad of Songbirds & Snakes),Billy Strings,The Hunger Games: The Ballad of Songbirds & Snakes (Music From & Inspired By),,INDIFFERENT,3:27,207,4Y2ak4hh1aI
Pure As The Driven Snow (from The Hunger Games: The Ballad of Songbirds & Snakes),"Rachel Zegler, The Covey Band",The Hunger Games: The Ballad of Songbirds & Snakes (Music From & Inspired By),,INDIFFERENT,3:54,234,ISucPnIrgBs
Young Man,Jamestown Revival,Young Man,False,INDIFFERENT,4:06,246,13IJFkSv_F0
Here No More,Ghost Hounds,First Last Time,False,INDIFFERENT,3:04,184,rXEY49fw4R0
Bury Me Beneath The Willow (from The Hunger Games: The Ballad of Songbirds & Snakes),Molly Tuttle,The Hunger Games: The Ballad of Songbirds & Snakes (Music From & Inspired By),,LIKE,3:43,223,otqQ8yVnIqE
Shake Sugaree,Elizabeth Cotten and Brenda Evans,Shake Sugaree,True,LIKE,5:02,302,AcqRex6vs-Y
The Storm,Sturgill Simpson,Cuttin' Grass - Vol. 1 (Butcher Shoppe Sessions),False,INDIFFERENT,2:32,152,tdcKGCEUrlg
Calgary Round-Up,Colter Wall,Songs of the Plains,False,INDIFFERENT,3:35,215,sRsD7EkJueg
West Virginia Waltz,Sierra Ferrell,Long Time Coming,,INDIFFERENT,3:34,214,1bE7LApwxUk
Give It Time,Sierra Ferrell,Long Time Coming,,INDIFFERENT,3:38,218,6gbKrEtscFY
In Dreams (Alternative Version),Sierra Ferrell,In Dreams (Alternative Version),False,INDIFFERENT,2:44,164,PnTdOv5oA2o
This Must Be the Place (Naive Melody) [2005 Remaster],Talking Heads,Speaking in Tongues (Deluxe Version),False,INDIFFERENT,4:57,297,fsccjsW8bSY
Blame It on the Boogie,The Jacksons,Destiny,True,LIKE,3:35,215,Bid6LmRU1d8
I Wanna Dance with Somebody (Who Loves Me),Whitney Houston,Whitney,False,INDIFFERENT,4:52,292,6xzN8Nt0Pok
Freedom! '90,George Michael,Twenty Five,False,DISLIKE,6:29,389,FaEjDk3lgcI
When Doves Cry,Prince and the Revolution,Purple Rain,False,INDIFFERENT,5:53,353,oTUSeac7IuQ
Kiss,Prince & The Revolution,Parade - Music from the Motion Picture Under the Cherry Moon,False,INDIFFERENT,3:47,227,rH9CZuuKpSg
Alphabet St.,Prince,Lovesexy,True,LIKE,5:39,339,J5x6vKNQAUo
Pray For You,Jhené Aiko,Chilombo,False,INDIFFERENT,1:41,101,QVDj_nzgSkI
Float (feat. Seun Kuti & Egypt 80),Janelle Monáe,The Age of Pleasure,False,INDIFFERENT,4:00,240,IXhpu6SHVKs
Pynk (feat. Grimes),Janelle Monáe,Dirty Computer,False,INDIFFERENT,4:01,241,CLcP5HSYd0s
Make Me Feel,Janelle Monáe,Dirty Computer,False,INDIFFERENT,3:15,195,18k1LJX4DjA
Brown Eyed Girl,Van Morrison,Blowin' Your Mind!,False,INDIFFERENT,3:04,184,yZ-VUnIehi8
Summer Breeze,Seals and Crofts,Summer Breeze,False,INDIFFERENT,3:26,206,ywL6tMQdG4c
Escape (The Pina Colada Song),Rupert Holmes,Partners In Crime,False,INDIFFERENT,4:37,277,Xb6l38eP-4w
Superstition,Stevie Wonder,Talking Book,False,INDIFFERENT,4:28,268,egqv1mtos6A
Southern Nights,Glen Campbell,Southern Nights,False,LIKE,3:01,181,X6-sU7pVJ3k
Dancing in the Moonlight,King Harvest,Dancing in the Moonlight,False,INDIFFERENT,3:02,182,0eHBLHVHjWg
Brandy (You're a Fine Girl),Looking Glass,Looking Glass,False,INDIFFERENT,3:07,187,CFhFyvk0yS8
Stuck In The Middle With You,Stealers Wheel,Stealers Wheel,False,INDIFFERENT,3:29,209,ln7Vn_WKkWU
You Make My Dreams (Come True),Daryl Hall & John Oates,Voices,False,INDIFFERENT,3:11,191,E4CZuj7solw
Rich Girl,Daryl Hall & John Oates,Bigger Than Both Of Us,False,INDIFFERENT,2:23,143,IL_LiGCV82g
Gimme! Gimme! Gimme! (A Man After Midnight),ABBA,Voulez-Vous,False,INDIFFERENT,4:53,293,pa2j0Bh83ms
Lay All Your Love On Me,ABBA,Super Trouper,False,INDIFFERENT,4:35,275,5mHzaIehRTE
Rasputin,Boney M.,Nightflight to Venus,False,INDIFFERENT,5:52,352,5Z0dxsFmX7c
Waterloo,ABBA,Waterloo,False,INDIFFERENT,2:49,169,GezJLwEcz8Y
Teddy Bears' Picnic,"David Grisman, Jerry Garcia",Not For Kids Only,False,INDIFFERENT,4:27,267,-9AUiLJnoDg
New Magic II,Esther Rose,Safe to Run,False,INDIFFERENT,3:50,230,UP_TkZiXaAU
Wyoming,Lost Dog Street Band,Life's a Dog-Gone Shame,False,INDIFFERENT,5:16,316,aJAUXt4jucQ
If Nothing Else Comes Along,Steph Green,If Nothing Else Comes Along,False,INDIFFERENT,3:09,189,Om13BEwPE-4
Among Other Things,Bella White,Among Other Things,False,INDIFFERENT,3:02,182,Tn2lySdoVdE
New Romantic,Laura Marling,My Manic And I,False,INDIFFERENT,2:53,173,SVj6PnY6xV0
Jeremiah,Sierra Ferrell,Jeremiah / Why’d Ya Do It,False,INDIFFERENT,3:05,185,Zqr4zb-0Ps0
The Swimming Song,"Loudon Wainwright, III",Attempted Mustache,False,INDIFFERENT,2:28,148,XOnqh7LplTs
Heart of Glass,Nick Shoulders,Heart of Glass,False,INDIFFERENT,4:30,270,kcbgNX5LFTo
Great High Mountain,Jack White,Cold Mountain (Music From the Miramax Motion Picture),False,INDIFFERENT,4:34,274,EWHXrlKSKZw
Insecure,Esther Rose,Safe to Run,False,INDIFFERENT,3:35,215,3obhN65hb80
Only One And Only,Gillian Welch,Revival,False,INDIFFERENT,5:33,333,OJsW8DY6wf4
Los Amantes,Hermanos Gutiérrez,El Bueno Y El Malo,False,INDIFFERENT,2:37,157,SptYa7-TEkA
Swinger in the Trees,Dead Horses,Swinger in the Trees,False,INDIFFERENT,3:28,208,ol174AODHRA
Single Girl (OurVinyl Sessions),"Charley Crockett, OurVinyl",Single Girl (OurVinyl Sessions),False,INDIFFERENT,1:58,118,Ut2qIy-5Tko
August Twelve,Khruangbin,The Universe Smiles Upon You,False,INDIFFERENT,6:13,373,WQFgHzPr1fM
Early Blue,F.J. McMahon,Spirit of the Golden Juice,False,INDIFFERENT,3:05,185,nHJGBgkzMHY
Years,Sierra Ferrell,Years,False,INDIFFERENT,3:00,180,vg4sGkehWBw
You're Lucky She's Lonely,"Colter Wall, Summer Dean",You're Lucky She's Lonely,False,INDIFFERENT,3:27,207,vcR2WJh8Eyg
Lonely Like Me,Nick Shoulders,Lonely Like Me,False,INDIFFERENT,3:10,190,YnZHdMxwlSQ
You Made It This Far,Esther Rose,You Made It This Far,True,LIKE,3:09,189,vymD4CeqCBA
El Sol Avenue,Hermanos Gutiérrez,Hoy Como Ayer,False,INDIFFERENT,4:34,274,DBYAP-WOPvo
My Girl,Alice Phoebe Lou,Shelter,False,INDIFFERENT,3:11,191,wcnyeSt0y5k
Baby I Got You,Lost Dog Street Band,Homeward Bound,False,INDIFFERENT,3:50,230,4SAQWFvhfXY
Knockin' on Your Screen Door,John Prine,The Tree of Forgiveness,False,INDIFFERENT,2:20,140,k769X-K0K8g
Wasted On You,Andy Shauf,Norm,True,LIKE,3:37,217,M8hq0UFaKXM
"Fare Thee Well, Miss Carousel",Townes Van Zandt,Townes Van Zandt,False,INDIFFERENT,5:23,323,_2Z7iwCfmXg
Blue Eyes Dancing,Matt Heckler,After the Flood,,INDIFFERENT,3:16,196,I5CYO4BR7iw
You Should've Seen The Other Guy,Nathaniel Rateliff,In Memory Of Loss (Deluxe Edition),False,INDIFFERENT,3:02,182,KMuyYoiYwq0
For Good Again,The Devil Makes Three,Do Wrong Right,,INDIFFERENT,4:33,273,DWoUiXvWReA
Tears Stupid Tears,Nick Shoulders,Lonely Like Me,False,INDIFFERENT,3:26,206,ejlRrtETp68
Sex and Magic,Esther Rose,You Made It This Far,False,INDIFFERENT,3:17,197,2a4l6qaKJqs
Sugar Babe,Tom Rush,Take A Little Walk With Me,False,INDIFFERENT,1:59,119,z4oMc8jmf98
Sweet Bird Of Youth (Live),David Mallett,"Inches & Miles, 1977-1980",False,INDIFFERENT,2:39,159,WAT5pzXZyiI
Old Friends,Mary McCaslin,Old Friends,,INDIFFERENT,5:15,315,sV1Aby_MVAU
Like My Watch,John Gorka,I Know,False,INDIFFERENT,1:33,93,mgSqCehgiFg
Strawberry Roan,Jim Ringer,The Band of Jesse James: The Best of Jim Ringer,False,INDIFFERENT,2:21,141,3GBvK7D5k-4
Oklahoma Hills,Mary McCaslin,Old Friends,,INDIFFERENT,2:51,171,RXAMIZ1fqHs
Black Rock,The Infamous Stringdusters,The Infamous Stringdusters,False,INDIFFERENT,3:32,212,kQUvdEQav4U
Lovin' You,The Infamous Stringdusters,The Infamous Stringdusters,False,INDIFFERENT,5:26,326,eQ68Pe5xnzM
You Can't Handle The Truth,The Infamous Stringdusters,The Infamous Stringdusters,False,INDIFFERENT,3:24,204,6F217pE5-fg
Get It While You Can,The Infamous Stringdusters,The Infamous Stringdusters,False,INDIFFERENT,4:17,257,vCcjcWt0cf0
I Wonder,The Infamous Stringdusters,The Infamous Stringdusters,False,INDIFFERENT,3:02,182,UzvAqqiqKqk
Golden Ticket,The Infamous Stringdusters,The Infamous Stringdusters,False,INDIFFERENT,4:41,281,eWH0vo6M3HA
The Way I See You Now,The Infamous Stringdusters,The Infamous Stringdusters,False,INDIFFERENT,3:44,224,B_tSM_qlNig
Three Days In July,The Infamous Stringdusters,The Infamous Stringdusters,False,INDIFFERENT,4:24,264,4g-xvxAEJKU
Glass Elevator,The Infamous Stringdusters,The Infamous Stringdusters,False,INDIFFERENT,4:23,263,WUpCCoGKr_8
Bound For Tennessee,The Infamous Stringdusters,The Infamous Stringdusters,False,INDIFFERENT,3:28,208,bp5tbudHPYc
When Silence Is The Only Sound,The Infamous Stringdusters,The Infamous Stringdusters,False,INDIFFERENT,3:25,205,dffFjkLJ1H0
"Well, Well",The Infamous Stringdusters,The Infamous Stringdusters,False,INDIFFERENT,3:37,217,wbE4oTi9RaM
Won't Be Coming Back,The Infamous Stringdusters,The Infamous Stringdusters,False,INDIFFERENT,3:40,220,bWHm78cgjX8
Dissatisfied,"Bill Anderson, Jan Howard",Classic Folk Masters,False,INDIFFERENT,3:05,185,nOcMBvvPNhY
Satisfied,Barbara Mandrell,The Midnight Oil (Expanded Edition),False,INDIFFERENT,2:24,144,waRDNbH3HGs
I've Been on the Mountain,JD Sumner & The Stamps,He Touched Me,False,INDIFFERENT,1:44,104,ZL6RoTIIfZ4
I Wouldn't Take Nothin' For My Journey,Ricky Van Shelton,Don'T Overlook Salvation,False,INDIFFERENT,2:02,122,oL5TaWsDsOQ
