home,home_index,type,title,artists,description,id
Forgotten favorites,1,Album,Wild Nature,Ivan the Tolerable,,MPREb_Ljs5dPfYBuO
Forgotten favorites,1,Album,White Pepper,Ween,,MPREb_nV0bkwibLeQ
Forgotten favorites,1,Album,12 Golden Country Greats,Ween,,MPREb_5pLdTduoVYe
Forgotten favorites,1,Album,Hartford Rice and Clements,"John Hartford, Tony Rice, Vassar Clements",,MPREb_WJlgl1UF78f
Forgotten favorites,1,Album,"Oh, Willie, Please...",Vandaveer,,MPREb_juTJh7kjzFE
Forgotten favorites,1,Album,Somber,SVLBRD,,MPREb_A9ka8Zw9cYR
Forgotten favorites,1,Album,The Best of The Pioneers,The Pioneers,,MPREb_FVri6B0druO
Forgotten favorites,1,Album,45:33,LCD Soundsystem,,MPREb_g79s38CRO65
Forgotten favorites,1,Album,Trail Of Flowers,Sierra Ferrell,,MPREb_JsixXyUVKK1
Forgotten favorites,1,Album,Le Disque Francais,Cafe Accordion Orchestra,,MPREb_9r9nTRkGfry
Listen again,2,Video,Nicola Cruz Boiler Room Tulum x Comunite Live Set,Boiler Room,,RDAMVMBcJCNLgEsHs
Listen again,2,Playlist,Radio • String quartets,,"Glenn Gould, Murray Perahia, Sophie Gent, and Franz Schubert",RDATfqc3RyaW5nIHF1YXJ0ZXRz
Listen again,2,Album,Plume,loscil,,MPREb_Ng1iG2NwySQ
Listen again,2,Single,"Générique De Début (From ""Une Hirondelle A Fait Le Printemps"")",Mercuzio Pianist,,MPREb_be1lj2y14ne
Listen again,2,Song,Four4,"Amadinda Percussion Group, John Cage",,RDAMVMKjlKDofv2Hk
Listen again,2,Album,Flux & Contemplation - Portrait of an Artist in Isolation,"Shpongle, Simon Posford",,MPREb_WsV6CyjKVlo
Listen again,2,Album,Bi Ba Bü,okuma,,MPREb_L9H9gDW7gVx
Listen again,2,Album,The Singles (Remastered 2024),Hallucinogen,,MPREb_H82qqaMdfjk
Listen again,2,Playlist,Presenting The Allman Brothers Band,,Allman Brothers Band,RDCLAK5uy_nTulgvUfMCQw4z15yy9XuspufRi4OOawg
Listen again,2,Playlist,The high life saga,,Dolo zolo • 1.3K views,PLC2sUaIelOE0oEKL3-CcljGuERG5sP9nK
Listen again,2,Album,The Beatles,The Beatles,,MPREb_S5TiUIYvI78
Listen again,2,Album,"The State of Underground Sa, Vol. 2",,,MPREb_iFmwTwg7YA2
Listen again,2,Song,Lil' Darlin',"Count Basie Orchestra, Joe Williams, Lambert, Hendricks & Ross",,RDAMVMNyjd4mP4hKs
Listen again,2,Artist,Loscil,,,UC9EE9HaPwLsC7F6C9Po0HVg
Listen again,2,Single,The Carneddau,Orions Belte,,MPREb_EG4CXZbLBAu
Listen again,2,Album,Blurry The Explorer,Blurry The Explorer,,MPREb_bUCUdiEnIKD
Listen again,2,Album,Cut to Fit,The Clark McLane Band,,MPREb_BMQE3kQRba8
Listen again,2,Song,Wrestle a Live Nude Girl,Leo Sidran,,RDAMVMvr996jU1Kpg
Listen again,2,Song,Endless Falls,loscil,,RDAMVMxxxpnfRi4Tw
Listen again,2,Song,Sisyphus,Andrew Bird,,RDAMVMOsgUQrKTTtc
New releases,3,Album,Revenant (Slowed),Warmth,,MPREb_lBcbtvgWgzS
New releases,3,Album,A Ghost Is Born (Expanded Edition),Wilco,,MPREb_oF8uMbjtEz9
New releases,3,Album,"Legendary Country Singers, 25 Greatest Hits (Audiophile Edition)",Hank Williams,,MPREb_rTSp7yqHNNz
New releases,3,Album,SLY LIVES! (Aka The Burden Of Black Genius),Sly & The Family Stone,,MPREb_dgsCRlIheuF
New releases,3,Single,I'm Deeply Lost,Giacomo Bondi,,MPREb_uxBeUVTXZRw
New releases,3,Single,Headbutter,The Pretty Shabbies,,MPREb_CEYR2Tux37E
New releases,3,Album,Another Wednesday,Ryan Adams,,MPREb_9g5rV5oQ1D3
New releases,3,EP,some thingies,KNOWER,,MPREb_a6JPehZJKdk
New releases,3,Single,Bully Ball,Surprise Chef,,MPREb_N91ISwoI8A0
New releases,3,Album,Nocturnes,Ivan the Tolerable,,MPREb_gPjxKCa7uWG
Albums for you,4,Album,The Ballasted Orchestra,Stars of the Lid,,MPREb_L3dNDv0DZki
Albums for you,4,Album,Nightmare Ending,Eluvium,,MPREb_66xioW0ARAM
Albums for you,4,Album,Time (The Revelator),Gillian Welch,,MPREb_IMKWQoEfejo
Albums for you,4,Album,It Still Moves,My Morning Jacket,,MPREb_iUTCrKvDBJ6
Albums for you,4,Album,The Darkest Place,Warmth,,MPREb_Zmn1xESfI3I
Albums for you,4,Album,Endless Falls,loscil,,MPREb_5petiP3xRKC
Albums for you,4,Album,Post-War,M. Ward,,MPREb_XXKO38k7C2x
Albums for you,4,Album,Yoshimi Battles the Pink Robots,The Flaming Lips,,MPREb_HCXBnTInqet
Albums for you,4,Album,Eingya,Helios,,MPREb_EK34EkokzZt
Albums for you,4,EP,"Speed, Sound, Lonely KV (ep)",Kurt Vile,,MPREb_YmW3g75lHt8
Loscil,5,Artist,Stars of the Lid,,,UCkMYV7hVzSgOako9Vo584-Q
Loscil,5,Album,And Their Refinement of the Decline,Stars of the Lid,,MPREb_MuYPqTSGEVB
Loscil,5,Artist,A Winged Victory for the Sullen,,,UC9ROQ5ZHs7eNd9qTlAWJ9LQ
Loscil,5,Artist,Chihei Hatakeyama,,,UCnW1zAfxQb2fuJQx3rCK1bw
Loscil,5,Playlist,Ambient Bass,,"The Flashbulb, Lorn, KOAN Sound, Ghosts of Paraguay",RDCLAK5uy_mBhoZaxo5Jfkye0VGZb9VlPG3X4Yl5imk
Loscil,5,Artist,Lawrence English,,,UClb-IdEk9m3EGiLGamFtALw
Loscil,5,Artist,Rafael Anton Irisarri,,,UCbGYy9nwwKJKqy0tPT8A4VQ
Loscil,5,Playlist,Evocative Instrumentals,,"Apparat, Ramin Djawadi, Sufjan Stevens, M83",RDCLAK5uy_mcrooIt_d00xNsIzCNKxxuDkH_GRtjk7g
Loscil,5,Playlist,sleep,,"Nils Frahm, Hammock, Everlasting Theta, Biosphere",RDCLAK5uy_naZbZR0biQkhIHsrfLLQ8bn2qNIzFy05s
Loscil,5,Album,Eingya,Helios,,MPREb_EK34EkokzZt
From your library,6,Single,Urmel / Kalkutta,okuma,,MPREb_dFz5Vy5G3Im
From your library,6,Album,Jaguar Sound,Adrian Quesada,,MPREb_6Er8Cow0EUW
From your library,6,Album,Lô Borges,Lô Borges,,MPREb_HTzs0Bd9D5T
From your library,6,Album,Rubber Soulive,Soulive,,MPREb_Oq9vZ4EkmvO
From your library,6,Album,Relounged and Regrooved Beatles Songs by Giacomo Bondi (35 Songs Special Edition),Giacomo Bondi,,MPREb_4W7sICiJ9o4
From your library,6,Album,High On The Glade,Little Wings,,MPREb_OhOBgaZ58Ov
From your library,6,Album,LivePhish 12/07/97,Phish,,MPREb_Wm9HqKbLX39
From your library,6,Album,The Kinks Are The Village Green Preservation Society (2018 Deluxe),The Kinks,,MPREb_4edRvxVorc6
From your library,6,Album,I Ain't Marching Anymore,Phil Ochs,,MPREb_M2IIP1sfiAi
From your library,6,Playlist,The Errant Path,,Jared Wenerd • 116 tracks,PLycDvmPBw5POHAQajMufMprCUxR_kjIpe
Dance & Electronic,7,Playlist,Oriental House,,"Shkoon, Valeron, Hot Oasis, Desert Dwellers",RDCLAK5uy_mzqnNfqauo3uVsMNcIJ8lAezCl85zJqds
Dance & Electronic,7,Playlist,Tribal House Mirage,,"Kora (CA), Arutani, Satori (NL), Unders",RDCLAK5uy_kF6_LyRS94Pd9oJXUzN5ABfCaxK8K_3UU
Dance & Electronic,7,Playlist,Soul House Vibe,,"Chris Malinchak, Jamie Jones, HNNY, DJ Jenifa",RDCLAK5uy_kzJF5L0orSQpW0MBQyGjFlWVm2J_TmQPo
Dance & Electronic,7,Playlist,Techno Gold,,"Vainqueur, LFO, Thomas Schumacher, Hardfloor",RDCLAK5uy_lCqtBqKkhlmGF07XjPvt1WD8B-v8gurkE
Dance & Electronic,7,Playlist,The Biggest Beats,,"The Chemical Brothers, Fatboy Slim, Underworld, The Prodigy",RDCLAK5uy_lqBR1L-0kQL9YpfGmUV7aSjYEBjuqrnR4
Dance & Electronic,7,Playlist,Electronic Focus,,"Uppermost, Floating Points, Bonobo, Bicep",RDCLAK5uy_nvRGXHpFzon8qbPTZhuoSq3WO4ccYvmHM
Dance & Electronic,7,Playlist,Downtempo Soundscapes,,"Bonobo, Zero 7, Morcheeba, James Blake",RDCLAK5uy_mfg_6GSiCHx47UrIySSqhp4L-v1sxGPLo
Dance & Electronic,7,Playlist,Psychedelic Ambient Techno,,"Koan, Entheogenic, Bluetech, Androcell",RDCLAK5uy_nrtPJ8fc1sQkHJ_fT0qZlrJ0t8IoDfP0Q
Dance & Electronic,7,Playlist,deep chill,,"Shallou, Ben Böhmer, Lane 8, Kasbo",RDCLAK5uy_mPolD_J22gS1SKxufARWcTZd1UrAH_0ZI
Dance & Electronic,7,Playlist,Techno trip,,"Calling Marian, Popof, Irène Drésel, Daniel Avery",RDCLAK5uy_kXYktYDAnKxMWW341vMmFTmj8zEToMzLs
Today's biggest hits,8,Playlist,Alternative Current: Hits,,"David Kushner, Twenty One Pilots, The Lumineers, BoyWithUke",RDCLAK5uy_kuEc3lB_I49bqnoy24kbjutvsiOi9ZQe0
Today's biggest hits,8,Playlist,"I Don't Usually Like Country, But...",,"Jelly Roll, Post Malone, Jessie Murph, Noah Kahan",RDCLAK5uy_lh9j06SFv0SNONsFwBtUqWDyqFZLIfMAE
Today's biggest hits,8,Playlist,The Hit List,,"Sabrina Carpenter, Morgan Wallen, Kendrick Lamar, Lady Gaga",RDCLAK5uy_kmPRjHDECIcuVwnKsx2Ng7fyNgFKWNJFs
Today's biggest hits,8,Playlist,Today's Indie Hits,,"Clairo, Japanese Breakfast, Bon Iver, FKA twigs",RDCLAK5uy_m0Nsi5Jnn_g6qbvc7fywPRhEv1qN0PcMM
Today's biggest hits,8,Playlist,Alt-Pop Hits,,"Glass Animals, Chappell Roan, Beabadoobee, Billie Eilish",RDCLAK5uy_latg1ZI9CZNHAJVjUird8WRB6QB0NtA0E
Today's biggest hits,8,Playlist,On Everything: Today's Hip-Hop Hits,,"Kendrick Lamar, GloRilla, Drake, Future",RDCLAK5uy_lBGRuQnsG37Akr1CY4SxL0VWFbPrbO4gs
Today's biggest hits,8,Playlist,Pop Certified,,"Tate McRae, Sabrina Carpenter, Lady Gaga, Benson Boone",RDCLAK5uy_lBNUteBRencHzKelu5iDHwLF6mYqjL-JU
Today's biggest hits,8,Playlist,Country Hotlist,,"Shaboozey, Morgan Wallen, Riley Green, Post Malone",RDCLAK5uy_lJ8xZWiZj2GCw7MArjakb6b0zfvqwldps
Today's biggest hits,8,Playlist,Chroma: Today's Dance Hits,,"Alan Walker, David Guetta, Tiësto, HUGEL",RDCLAK5uy_kLWIr9gv1XLlPbaDS965-Db4TrBoUTxQ8
Today's biggest hits,8,Playlist,Afrobeats Now,,"Asake, Rema, Burna Boy, Omah Lay",RDCLAK5uy_kmq8ZD0NbHbKkZZ6frtlEjd8khfeZrAd0
Quick picks,9,,The Argus,"1.5M plays, Ween",,Y3qguNFflow
Quick picks,9,,Positively 4th Street,"8.9M plays, Bob Dylan",,SsovdtBgz3Q
Quick picks,9,,Switch In Time,"492K plays, Count Basie And His Orchestra",,BSe0vKkRCrs
Quick picks,9,,Fox Hunt,"700K plays, Sierra Ferrell",,cIznomQuQlg
Quick picks,9,,I See A Darkness,"3.4M plays, Bonnie ""Prince"" Billy",,LYIgZd_jfAk
Quick picks,9,,Roustabout,"349K plays, Beats Antique",,1gM_C9v3c1s
Quick picks,9,,El Camino De Mi Alma,"807K plays, Hermanos Gutiérrez",,moBQ_KBtfwg
Quick picks,9,,Strangled Cat (Remastered 2024),"492 plays, Hallucinogen",,Qo3huAqDnCo
Quick picks,9,,Back To the Silent Lagoon,"195K plays, Koan",,_g6Ijnz0JBI
Quick picks,9,,"Concerto for 4 Pianos in A Minor, BWV 1065: I. Allegro (feat. Audrey Vigoureux, Emmanuel Christien & Jacques Rouvier)","283K plays, David Fray, Johann Sebastian Bach",,S0dXQ4DZPWw
Quick picks,9,,California Sober (feat. Willie Nelson),"6.3M plays, Billy Strings",,AmxvLgvc8IE
Quick picks,9,,Ripple,"15M plays, Grateful Dead",,5wh7ylJManI
Quick picks,9,,Railroad Earth,"83K plays, Railroad Earth",,GmQpMh_vslI
Quick picks,9,,A Day In The Life,"193M plays, The Beatles",,aXNY4NddrLo
Quick picks,9,,No One to Run With,"4.6M plays, The Allman Brothers Band",,FVcIRGqWl5M
Quick picks,9,,Free,"2.3M plays, Phish",,D0JpbfeT5Ds
Quick picks,9,,Saturday Night Blues,"447K plays, Kenny Burrell",,Ti_f4UA5DME
Quick picks,9,,Aphex Twin - Lisbon Acid,"2.3M views, WomanElectroSounds",,xWNzZYCOyEE
Quick picks,9,,T03 delta t [London 03.06.17],"21K plays, Aphex Twin",,0DgMyXZ11FE
Quick picks,9,,Dorset Perception,"1.3M plays, Shpongle",,mrHmpc4BDWM
New releases,1,Album,Revenant (Slowed),Warmth,
New releases,1,Album,"Legendary Country Singers, 25 Greatest Hits (Audiophile Edition)",Hank Williams,
New releases,1,Album,A Ghost Is Born (Expanded Edition),Wilco,
New releases,1,Single,Headbutter,The Pretty Shabbies,
New releases,1,Album,Into the Silent Land,We Dream of Eden,
New releases,1,Single,I'm Deeply Lost,Giacomo Bondi,
New releases,1,Album,31 Tracks Harmony Through Sounds,Yoga Sounds,
New releases,1,Album,Nocturnes,Ivan the Tolerable,
New releases,1,Album,Even The Horizon Knows Its Bounds,Lawrence English,
New releases,1,Single,Fibonacci,"Rapossa, Suduaya",
Listen again,2,Video,Nicola Cruz Boiler Room Tulum x Comunite Live Set,Boiler Room,
Listen again,2,Playlist,Radio • String quartets,,"Beaux Arts Trio, Emerson String Quartet, Murray Perahia, and Glenn Gould"
Listen again,2,Album,Plume,loscil,
Listen again,2,Single,"Générique De Début (From ""Une Hirondelle A Fait Le Printemps"")",Mercuzio Pianist,
Listen again,2,Song,Four4,"Amadinda Percussion Group, John Cage",
Listen again,2,Album,Flux & Contemplation - Portrait of an Artist in Isolation,"Shpongle, Simon Posford",
Listen again,2,Album,Bi Ba Bü,okuma,
Listen again,2,Playlist,The high life saga,,Dolo zolo • 1.3K views
Listen again,2,Album,The Singles (Remastered 2024),Hallucinogen,
Listen again,2,Artist,Loscil,,
Listen again,2,Album,"The State of Underground Sa, Vol. 2",,
Listen again,2,Playlist,Presenting The Allman Brothers Band,,Allman Brothers Band
Listen again,2,Song,Lil' Darlin',"Count Basie Orchestra, Joe Williams, Lambert, Hendricks & Ross",
Listen again,2,Song,Endless Falls,loscil,
Listen again,2,Album,Blurry The Explorer,Blurry The Explorer,
Listen again,2,Song,Cyme,Loscil,
Listen again,2,Album,Cut to Fit,The Clark McLane Band,
Listen again,2,Song,A Meaningful Moment Through a Meaning(less) Process,Stars of the Lid,
Listen again,2,Single,The Carneddau,Orions Belte,
Listen again,2,Album,The Beatles,The Beatles,
Albums for you,3,Album,The Ballasted Orchestra,Stars of the Lid,
Albums for you,3,Album,Endless Falls,loscil,
Albums for you,3,Album,Captured from Static,Northcape,
Albums for you,3,Album,Minima Moralia,Chihei Hatakeyama,
Albums for you,3,Album,Glider,The Sight Below,
Albums for you,3,Album,Eingya,Helios,
Albums for you,3,Album,Dropsonde,Biosphere,
Albums for you,3,Album,Contact Note,Jon Hopkins,
Albums for you,3,Album,Holly Lane,Clem Leek,
Albums for you,3,Album,Awake,Tycho,
