artists,title,type,year,browseId
Tony Furtado,Decembering,Album,2021,MPREb_Bnoakd2NYul
Satellite Friend,Shameful Joy,EP,2025,MPREb_Y6CrrAADX4b
William Tyler,Modern Country,EP,2016,MPREb_jYKhYcEcuNm
The Redwalls,Universal Blues,Album,2003,MPREb_123lYa2w6Ts
"Billy Strings, Bryan Sutton",Live At The Legion,Album,2025,MPREb_LfCSxPXe8pV
"Alice Gerrard, Hazel Dickens",Hazel & Alice,Album,1973,MPREb_oQ97ZxnRDTz
Ken & Brad Kolodner,Stony Run,Album,2020,MPREb_us06zU82k7d
Brad Kolodner,Chimney Swifts,Album,2021,MPREb_iCnZthQZ9FJ
Jerry Bryant and Starboard Mess,Roast Beef of Old England,Album,2000,MPREb_GOE5Ac7Rw91
Bill Staines,The Whistle of the Jay,Album,1979,MPREb_2sbhChAkM0K
Bill Staines,Just Play One Tune More,Album,1977,MPREb_wVjtdkvHXMY
Bill Keith,"Something Auld, Something Newgrass, Something Borrowed, Something Bluegrass",Album,1976,MPREb_Tk6SGE0uFkb
Joan Baez,Very Early Joan (Live),Album,1982,MPREb_ZZb28XMs3wR
Ivan the Tolerable,Le Monde Inversé,Album,2018,MPREb_Szx0thluwgZ
The Doors,Critique 1969 (live),Album,2021,MPREb_Y9O9rD9MDGE
Leon Russell,Carney,Album,1972,MPREb_nxovuaFBoCF
Phish,"Phish: Madison Square Garden, New York (December 30th, 2017) [Live]",Album,2020,MPREb_XR9CK6kLv0X
Page McConnell,Unsung Cities And Movies Never Made,Album,2013,MPREb_Saq11zoxGZp
Lettuce & Colorado Symphony,Lettuce with the Colorado Symphony (Live),Album,2025,MPREb_SGdkxyKBIpb
Funkadelic,Maggot Brain,Album,1971,MPREb_OlDsQnYS8Vu
Jerry Garcia Band,"After Midnight: Kean College, 2/28/80 (feat. Jerry Garcia Band)",Album,2004,MPREb_86SrrKLx9ET
Josh Cohen,Radiohead for Solo Piano,Album,2019,MPREb_cXkwiRGiES1
Dan Penn,The Fame Recordings,Album,2013,MPREb_wS6XXW1Ur9F
Grateful Dead,From the Mars Hotel,Album,1974,MPREb_UZDDg3lmY3K
"Francis Scott Key, Franz Schubert, Fritz Kreisler, Sergei Rachmaninoff",A Window in Time: Rachmaninoff Performs His Solo Piano Works (Realized by Wayne Stahnke),Album,1998,MPREb_wnLwohbQG2I
"David Fray, Johann Sebastian Bach","Bach: Concertos for 2, 3 & 4 Pianos",Album,2018,MPREb_70se9CSGjbo
"Antonín Dvořák, Felix Mendelssohn, Gabriel Fauré",Classical Sonosphere Vol. 3,Album,2023,MPREb_AYpcXfgYxj0
Count Basie And His Orchestra,The Atomic Mr Basie,Album,1989,MPREb_5HKQrrF5JGT
Hallucinogen,The Singles (Remastered 2024),Album,2024,MPREb_H82qqaMdfjk
Ivan the Tolerable,Nocturnes,Album,2025,MPREb_gPjxKCa7uWG
The Allman Brothers Band,Peakin' at the Beacon,Album,2000,MPREb_AqBQqylhS61
"Bonnie ""Prince"" Billy",The Purple Bird,Album,2025,MPREb_GRrXTwmDbus
Blurry The Explorer,Blurry The Explorer,Album,2021,MPREb_bUCUdiEnIKD
"Ian Cooper, Ian Date, Tommy Emmanuel",Just Passing Through,Album,2015,MPREb_2JNfnimboxd
The Clark McLane Band,Cut to Fit,Album,2025,MPREb_BMQE3kQRba8
Various Artists,"The State of Underground Sa, Vol. 2",Album,2022,MPREb_iFmwTwg7YA2
"Haruomi Hosono, Shigeru Suzuki, Tatsuro Yamashita",PACIFIC,Album,1978,MPREb_MlbkQJapbTu
Dorothy Ashby,Afro-Harping (Deluxe),Album,1968,MPREb_4ev4h0A2kBA
"Colter Wall, Summer Dean",You're Lucky She's Lonely,Single,2021,MPREb_P8bprIthLC5
Various Artists,"No Depression: What It Sounds Like, Vol. 1",Album,2015,MPREb_OhONODZDrQR
Skinshape,Craterellus Tubaeformis,Album,2023,MPREb_K1gI39gRLtH
Skinshape,Nostalgia,Album,2022,MPREb_y4AeMA8OlQG
"Aaron Taylor, Skinshape, & House Gospel Choir",What Do You Do (Gold Edit),EP,2021,MPREb_uAIcp0fGI0Q
Skinshape,Another Side Of Skinshape,Album,2024,MPREb_6lCSaM0G0xs
Skinshape,"High Tide, Storm Rising",Single,2022,MPREb_dgfuj75XxHO
The Kinks,The Kinks Are The Village Green Preservation Society (2018 Deluxe),Album,2018,MPREb_4edRvxVorc6
"Brian Eno, Laraaji",Ambient 3: Day Of Radiance,Album,1980,MPREb_kftBrJpOY4x
Turu Anasi,Meditation,Album,2021,MPREb_fn6sfiZNH8L
Lô Borges,Lô Borges,Album,1972,MPREb_HTzs0Bd9D5T
Jerry Garcia Band,Jerry Garcia Band (feat. Jerry Garcia Band),Album,1991,MPREb_WT0DCG8gDzx
Lazy Grass,Casse-Planche,Album,2024,MPREb_swnzsaR2LdL
Adrian Quesada,Jaguar Sound,Album,2022,MPREb_6Er8Cow0EUW
Phish,LivePhish 12/07/97,Album,2015,MPREb_Wm9HqKbLX39
Various Artists,"Do You Hear Jazz?, Vol. 5",Album,2015,MPREb_mH0Dl1JUIMH
Giacomo Bondi,Relounged and Regrooved Beatles Songs by Giacomo Bondi (35 Songs Special Edition),Album,2016,MPREb_4W7sICiJ9o4
Bob Dylan,Desire,Album,1976,MPREb_OE5xFBzoLs2
Grateful Dead,Thankfully Grateful (Live),Album,2024,MPREb_bgQTO4eNEsi
Fading Soul,Child Of Orishas,EP,2014,MPREb_AbxcqKKdcZo
Victor Wooten,A Show of Hands 15,Album,1996,MPREb_p9elPyXVU6T
Kermesse,Limbo EP,EP,2023,MPREb_vcxAO0ySxgC
okuma,Bi Ba Bü,Album,2022,MPREb_L9H9gDW7gVx
"Turu Anasi, okuma",Las Olas,Album,2022,MPREb_x4PC4A6iV2q
okuma,Urmel / Kalkutta,Single,2022,MPREb_dFz5Vy5G3Im
Charley Crockett,Hey Mr. Nashville,Single,2024,MPREb_dL4sjMeCxCT
Bob Dylan,"Travelin' Thru, 1967 - 1969: The Bootleg Series, Vol. 15 (Sampler)",Album,2019,MPREb_WRwhy8V4Py5
DeVotchKa,How it Ends – Re-Mastered,Album,2024,MPREb_o27SOh6A85d
Phil Ochs,I Ain't Marching Anymore,Album,1965,MPREb_M2IIP1sfiAi
Postwirtmusi,Postwirtmusi,Album,2023,MPREb_1AZ4iVxy2Wy
A Tribe Called Quest,The Low End Theory,Album,1991,MPREb_55oqD8AJaQU
Little Wings,High On The Glade,Album,2024,MPREb_OhOBgaZ58Ov
Jim Stafford,Jim Stafford,Album,1974,MPREb_Q9RRLK5sBII
Bill Staines,The Whistle of the Jay,Album,1979,MPREb_2sbhChAkM0K
Soulive,Rubber Soulive,Album,2010,MPREb_Oq9vZ4EkmvO
"Field Works, Loscil",Imprints,Single,2018,MPREb_RnnZy7p08fw
Orions Belte,Mint,Album,2018,MPREb_HJKpKwxSJ9x
Keith Jarrett,Expectations,Album,1972,MPREb_lKGlLHTGi8m
Modest Mouse,Good News For People Who Love Bad News: 20th Anniversary Expanded Edition,Album,2024,MPREb_zKi8jsJo9li
"Hawktail, Väsen",Väsen & Hawktail,Album,2024,MPREb_FUbeIOp3SKt
Sturtz,Hyacinth,Album,2024,MPREb_MGFNiYBY05p
Trey Anastasio,Atriums,Album,2024,MPREb_lPjBN43FZ7E
R. Shayne Floyd,I'm Alive Today,Single,2024,MPREb_s6Z7f172NKC
Eluder,The Most Beautiful Blue,Album,2008,MPREb_ci8ZnoAnvJu
Loscil & Lawrence English,Chroma,Album,2024,MPREb_72l6zRH0MDS
Texas Hill,Soldiers,Album,2024,MPREb_4EC2GH657U3
The California Honeydrops,Keep On Diggin',Album,2024,MPREb_gTJN68SHBJW
The Reckless Folk,The Worst is Yet to Come,Album,2024,MPREb_EbD1pOs24GH
400 Lonely Things,The New Twilight,Album,2024,MPREb_lI4elXeQQsA
Pearl Bailey,16 Most requested Songs,Album,1991,MPREb_vvYTmDmgvsG
Chuck Darwin & the Knuckle Draggers,Summer Wine,Single,2024,MPREb_W97C7c7ELWU
Glass Beams,Mahal,EP,2024,MPREb_gnhoBS7WsdO
David Bowie,Blackstar,Album,2016,MPREb_IawaWE6E8uK
Charley Crockett,Lil G.L.'s Honky Tonk Jubilee,Album,2017,MPREb_NonenBaUgvv
Norman Blake,Pilgrimage To Rising Fawn,Album,2024,MPREb_QZCRiJx3Jc5
Dillard/Hartford/Dillard,Glitter Grass From The Nashwood Hollyville Strings / Permanent Wave,Album,1992,MPREb_qkJzpqeSrs0
Dr. John,Duke Elegant,Album,1999,MPREb_PptpEuLq6pW
Glen Campbell,Live At The Royal Festival Hall,Album,1969,MPREb_mQJdHfAB0nP
Heart Reaper,dead to you,Single,2024,MPREb_2L7LUUvIWo9
The Brothers Four,More Big Folk Hits,Album,1964,MPREb_5kbGZFOX4kt
"Max Romeo, The Aggrovators",Tribute to Bob Marley & Dubs,Album,2011,MPREb_py6ud0sDU2O
The Persuasions and Friends,Persuasions of the Dead,EP,2011,MPREb_GgwvsQeqxcg
Eva Abraham,Songs For A New Earth,Album,2023,MPREb_CyhAQQZBXSh
NEU!,NEU! 2,Album,2012,MPREb_QZxMSupBasd
NEU!,NEU! 75,Album,2012,MPREb_DSLZ2tSqJG2
NEU!,NEU!,Album,1972,MPREb_sWxM5lf3Zdm
Billy Strings,Billy Strings Live Vol. 1,Album,2024,MPREb_L4XwSo2VmQo
"Johnny Blue Skies, Sturgill Simpson",Passage Du Desir,Album,2024,MPREb_Dcv54C20JKE
Ivan the Tolerable,Time Is A Grave,Album,2024,MPREb_wIvtkEVHkMh
Remi Kabaka,Roots Funkadelia,Album,2024,MPREb_ADGItVKrR8s
The Wild Reeds,Blind and Brave,Album,2014,MPREb_akTuAl7OxXy
Del McCoury Band,Songs of Love and Life,Album,2024,MPREb_60ymVhZifsM
Hermanos Gutiérrez,Sonido Cósmico,Album,2024,MPREb_fZRc9flpP6z
The Claypool Lennon Delirium,South of Reality,Album,2019,MPREb_8qYtCqKWACp
The Lazy Eyes,SongBook,Album,2022,MPREb_tQsGPAjt0ll
The Lazy Eyes,EP1,EP,2020,MPREb_NtX8weuBMAh
Yin Yin,The Rabbit That Hunts Tigers,Album,2019,MPREb_Oc6dVB6reyo
Fleetwood Mac,Live (Deluxe Edition),Album,2021,MPREb_AJAcLRdqThp
She & Him,Volume One,Album,2006,MPREb_TFl5DbACYvN
Circadian Melodies,Oneiros,EP,2022,MPREb_Wi0OEeFafP7
Les Claypool's Duo De Twang,Four Foot Shack,Album,2014,MPREb_Wdtlk0I8rcO
Fleetwood Mac,Gold Dust Woman,Single,2021,MPREb_ri8wEfbc0BQ
Les Claypool,Of Whales And Woe,Album,2006,MPREb_cTdKIqNTLL8
"Acid Mothers Reynols, Acid Mothers Temple, Reynols",Vol. 3,Album,2024,MPREb_gpqSNi9xcHp
"Dolphin Hyperspace, Logan Kane, Nicole McCabe",What is my Porpoise?,Album,2024,MPREb_kr09C4atjb2
Rob Jenkins,Synfyfyrio Gofod four,Single,2024,MPREb_wrHL2pGU2NY
The Pretty Shabbies,A Pretty Shabby Album,Album,2024,MPREb_dAzCNnn87lw
Rob Jenkins,Trawsfynydd,Album,2023,MPREb_Ij9yjdBXiHw
Rob Jenkins,Nefoedd,Album,2023,MPREb_vglEHqiG4Mk
Pokey LaFarge,Rhumba Country,Album,2024,MPREb_aZbaMBV2bkg
Earl Scruggs,I Saw The Light With Some Help From My Friends,Album,1972,MPREb_dF6DX3tfxOl
"Bill Callahan, Bonnie ""Prince"" Billy",Blind Date Party,Album,2021,MPREb_VLrtHiJZYQK
Dolly Parton,Rockstar (Deluxe),Album,2024,MPREb_5ZhCA2h1qUb
Meadow Mountain,June Nights,Single,2024,MPREb_whAeN0eeHi0
Mark Knopfler,Two Pairs Of Hands,Single,2024,MPREb_WlDwSCeyDEw
Ghost-Note,Mustard n'Onions,Album,2024,MPREb_EXBITyVbW6r
Café del Mar,Café del Mar - Terrace Mix 6,Album,2016,MPREb_Xxfj25CMoDq
Sven Wunder,Eastern Flowers,Album,2020,MPREb_mRF3PmxohPm
The Roches,The Roches,Album,1979,MPREb_dd29Lps7M7f
Jacob Jolliff,"Instrumentals, Vol. 2: Mandolin Mysteries (feat. George Jackson, Ross Martin & Myles Sloniker)",Album,2024,MPREb_Iy8DfG56PS6
Amon Tobin,Long Stories,Album,2019,MPREb_X5DSD2K49O6
Ivan the Tolerable,Linthorpe Crepuscule Volume 2,Album,2024,MPREb_l90tmWq6BNh
Gear Daddies,Billy's Live Bait,Album,1990,MPREb_XzcRn82ylZs
Herbie Hancock,Flood (Live in Tokyo - 1975),Album,1975,MPREb_STa6qgl3me9
The Winston Brothers,Drift,Album,2022,MPREb_akK10PECTKm
Max Sunyer Trio,Illa Imaginada,Album,2015,MPREb_SSFjTGbmvnA
El Búho,Ritmo de Coro Mallorquin,Single,2024,MPREb_INzmpakfWA4
Circus Contraption,Grand American Traveling Dime Museum,Album,2005,MPREb_eL6NTvz7EXc
Erothyme,Life Sidereal,Album,2024,MPREb_gC7cvF0AfkL
The Circus Contraption Band,The Half-Wit's Descent,Album,2008,MPREb_vONTEwKM6wQ
The Duhks,Migrations,Album,2006,MPREb_oCBVYUG75p5
Wayne Hancock,Thunderstorms and Neon Signs,Album,1995,MPREb_MWh7QuaimBJ
Austin Lounge Lizards,Employee Of The Month,Album,2006,MPREb_Of7Ci6b5zRa
Wilco,Yankee Hotel Foxtrot (Deluxe Edition),Album,2022,MPREb_scLKwozsOnZ
Tanya Stephens,"Some Kinda Madness (feat. Patra, Sabrina Qureshi, Nadine Sutherland & Big Youth)",Album,2022,MPREb_AtjxC9ymwm4
Jane Archer and the Reactionaries,The Great Atomic Power,Album,2018,MPREb_vogcdELEfnM
Stan Rogers,Home In Halifax,Album,1993,MPREb_pztklydopFi
Various Artists,The Sound Of The R&B Hits,Album,1964,MPREb_wE8oyq0wtbJ
"Cat Clyde, Jeremie Albino",Blue Blue Blue,Album,2021,MPREb_H8RrcmGuMR3
Hot Day at the Zoo,Zoograss,Album,2010,MPREb_1pBRBOU7pd1
Hot Day at the Zoo,Cool as Tuesday,Album,2005,MPREb_Yl2J1D17BLW
Flatt & Scruggs,At Carnegie Hall! (Expanded Edition),Album,2013,MPREb_oKfJnDDDI8n
Bill Cox,Midnight Special,Album,2020,MPREb_xastMDpQm2t
Arc De Soleil,Bocosaurus,EP,2021,MPREb_GCdHwV5KuAJ
SVLBRD,Extents,EP,2024,MPREb_N79hDzdgfPn
Tommy Emmanuel,Accomplice Two,Album,2023,MPREb_CRP2jOLl6wY
Tommy Emmanuel,Accomplice One,Album,2021,MPREb_mIu3J1yLfiA
Ethan Larsh,Into Thine Kingdom of Heaven,Album,2024,MPREb_Izf1uFgnu9I
Ikebe Shakedown,Stone by Stone,Album,2014,MPREb_diZNEPv7Dc4
King Crimson,The Condensed 21st Century Guide To King Crimson (1969 - 2003),Album,2006,MPREb_OUQIqDWrO4n
Jerry Reed,The Uptown Poker Club,Album,1973,MPREb_f2uHG22jgGR
Pink Floyd,"Live at Kent State University, Ohio, USA, 10 March 1973",Album,2023,MPREb_1sAfUq40D36
Nick Hornbuckle,13 or So,Album,2019,MPREb_QLO3w2FIuiD
Hermanos Gutiérrez,El Bueno Y El Malo,Album,2022,MPREb_OPPSu33KNKL
"Chris Coole, John Showman",Much Further out Than Inevitable: A Fiddle and Banjo Tribute to Some Music of John Hartford,Album,2022,MPREb_CQZQMoQP0Zo
Leyla McCalla,Sun Without the Heat,Album,2024,MPREb_0CPUwByAp3Y
Ivan the Tolerable,Wild Nature,Album,2019,MPREb_Ljs5dPfYBuO
Ivan the Tolerable,Firefighters in Reverse,Album,2019,MPREb_xtZh548Fmnx
The Tony Rice Unit,Backwaters,Album,1982,MPREb_qOgNYD6qfZw
Widespread Panic,Til the Medicine Takes,Album,1999,MPREb_H9RZWQjai5C
Massive Attack,Collected,Album,2006,MPREb_nl2eIfO1B6i
"Bobby Hicks, Kenny Baker",Darkness On The Delta,Album,2015,MPREb_Yvqzy6lCugv
Various Artists,Common Chord,Album,2018,MPREb_H71YJehQkgh
Aubrey Haynie,The Bluegrass Fiddle Album,Album,2006,MPREb_jWqyTTxHM76
Country Gentlemen,Live In Japan,Album,2005,MPREb_AOZNe72Shn9
"David Grisman, Jerry Garcia, Tony Rice",The Pizza Tapes Extra Large Edition,Album,2011,MPREb_wMe2l3ywyrB
Hermanos Gutiérrez,Hijos Del Sol,Album,2020,MPREb_2aDKwArS3Fo
Jon Hopkins,Late Night Tales: Jon Hopkins,Album,2014,MPREb_s86JlZbH9pI
Norman Blake,Slow Train Through Georgia,Album,1987,MPREb_Os3Mt9aJT1k
The Tony Rice Unit,Devlin,Album,1987,MPREb_jrjvRIe3OeP
Imam Baildi,Imam Baildi,Album,2007,MPREb_BbT5zQkU3WS
Anterra,Purple Onion Skin,Single,2023,MPREb_BNp4UJez3sa
Anterra,Green & White Checker,Single,2023,MPREb_ItYxUltaAPZ
Pappy,Pappy Time,Album,2010,MPREb_oAqPE4Jo89J
Joe Walsh,Sweet Loam,Album,2011,MPREb_2eTMcpAM9K2
The Chieftains,Voice of Ages (Deluxe Edition),Album,2012,MPREb_BmNHeRoVONu
Sister Rosetta Tharpe,Gospel Train (Expanded Edition),Album,1958,MPREb_2r54kbWSIOm
Old Crow Medicine Show,Down Home Girl,Single,2006,MPREb_UXUM2hMiq5t
The Decemberists,The King Is Dead,Album,2010,MPREb_XjZHruqXtSl
The Decemberists,Hazards Of Love,Album,2009,MPREb_sZ0fzh9HUsD
Western Unplugged,Western Unplugged - Volume Two,Album,2012,MPREb_I8WypXAYjCc
Mischief Brew,Songs From Under The Sink,Album,2006,MPREb_IIwNo9zmiEo
Finely Tuned Elephant,Perfect Coincidence,Album,2020,MPREb_qY2cBtfshXw
Electric Outlet,ON!,Album,2006,MPREb_LBzBqPm113Y
Tati Falco,Selva Y Mar,EP,2021,MPREb_IyzRqf2jRA9
Tati Falco,Selva y mar,Single,2021,MPREb_zHY6MRLGI2r
Surprise Chef,Daylight Savings,Album,2020,MPREb_LsmhhG72bQa
Moondog,H'art Songs,Album,1979,MPREb_DNk7XZ2qz06
Galt MacDermot,Shapes of Rhythm/Woman Is Sweeter,Album,2000,MPREb_Yy6M43TRKqo
Gil Scott-Heron,I'm New Here,Album,2010,MPREb_4A58FP5nm5y
Ivan The Tolerable and his Elastic Band,Toft House Session,Album,2023,MPREb_z8SnBw28SqJ
Ivan the Tolerable,Linthorpe Crepuscule Volume 1,Album,2024,MPREb_Z8unoPNSyKk
"Amanda Shires, Bobbie Nelson",Loving You,Album,2023,MPREb_8ZbFizYwVRZ
The Disco Biscuits,Tourists (Rocket Ship),Single,2022,MPREb_AHTdCfj07OC
Vandaveer,"Oh, Willie, Please...",Album,2013,MPREb_juTJh7kjzFE
Gentlemen Jim,Mule Skinner Blues,Album,2007,MPREb_nE28i0n4DgG
The Louvin Brothers,Tragic Songs of Life,Album,1956,MPREb_oGE1MnJTLi1
The Clark McLane Band,Commonfolk,Album,2019,MPREb_cVLItxoO0eG
David Rawlings,Poor David's Almanack,Album,2017,MPREb_ztCJxIGNVNF
The Piccadilly Six,Apple Blossom Time,Album,1998,MPREb_4pGdMUNi5je
Do Make Say Think,Winter Hymn Country Hymn Secret Hymn,Album,2003,MPREb_CVqRcYzZvNz
Tortoise,TNT,Album,1998,MPREb_LGAsVMFUNag
The California Honeydrops,Covers from the Cave,Album,2022,MPREb_bIBrm5kIbUH
Golden Gate Jubilee Quartet,Golden Gate Quartet Vol. 1 (1937-1938),Album,2005,MPREb_Rh1bejq5OaG
Golden Gate Jubilee Quartet,Golden Gate Quartet Vol. 3 (1939),Album,1996,MPREb_BCdelgHVIYt
The Golden Gate Quartet,24 Carrot,Album,2008,MPREb_Jfhghr6pu4S
Various Artists,Gospel Music,Album,2005,MPREb_tDiVmJyiPvY
The Stanley Brothers,For The Good People,Album,2009,MPREb_Tctt82ExYBF
Jubalaires,Gospel Classics,Album,2009,MPREb_tDiJijh3gyG
Felbm,cycli infini,Album,2023,MPREb_KoRCOIoLWuL
Colleen,The Tunnel and the Clearing,Album,2021,MPREb_krPKRSr8fti
"Kaitlyn Aurelia Smith, Suzanne Ciani",FRKWYS Vol. 13 - Sunergy (Expanded),Album,2023,MPREb_Ue5PNvq48BO
Mac DeMarco,One Wayne G,Album,2023,MPREb_H2RWN4XY0Ny
Prince,One Nite Alone... The Aftershow: It Ain't Over! (Up Late with Prince & The NPG) (Live),Album,2002,MPREb_b778LE8Kj71
Jacob Jolliff,The Jacob Jolliff Band,Album,2022,MPREb_2IVn3pynX4I
"Alec Spiegelman, Jacob Jolliff, Jason Burger","Standards on Snare, Mandolin, and Bass Clarinet",Album,2023,MPREb_0v4Y4HYiFmx
"Carl Philipp Emanuel Bach, Frédéric Chopin, Johann Sebastian Bach, Ludwig van Beethoven","A Classical January: Mozart, Bach & More",Album,2024,MPREb_XykWKvNv38E
Viv & Riley,Time Is Everything,Album,2018,MPREb_Oyg5Cb6uQzS
Mary McCaslin,Old Friends,Album,1977,MPREb_9dHAGLNxqgO
Seamus Kennedy,Let The Music Take You Home,Album,1998,MPREb_l7BPLwDdUpo
Entheogenic,Oddiyana,Album,2024,MPREb_nmXvOWrkDHl
Brian Lopez,TIDAL,Album,2023,MPREb_IxR6ZgpuJ2f
"DJ Boring, Miagma",Winona,Single,2016,MPREb_r0yUgx9uxWE
Esther Rose,This Time Last Night,Album,2017,MPREb_itfjjlYIg7T
Chuck Darwin and The Knuckledraggers,Three Car Pileup,Album,2023,MPREb_kr6pTwxJVP2
The Kossoy Sisters,Bowling Green and Other Folk Songs from the Southern Mountains,Album,1956,MPREb_mKTrGA1vBBf
"Kathleen Battle, Frederica von Stade, Wynton Marsalis, Andri Previn, Orchestra of St. Luke's",A Carnegie Hall Christmas,Album,1992,MPREb_uwPD5mIheOZ
Cosmo Sheldrake,The Much Much How How and I,Album,2018,MPREb_QOl8gas1fPs
Mechanical Me,I Like,EP,2000,MPREb_QyD86aQeIzS
Colter Wall,Little Songs,Album,2023,MPREb_967LBfvBiKp
The Local Honeys,The Local Honeys,Album,2022,MPREb_Oh0nZWj2CpR
Various Artists,American County Pioneers,Album,2013,MPREb_MwCdWHqBME0
J.R. Bohannon,J.R. Bohannon Plays Vince Guaraldi,Single,2023,MPREb_5pKpGUHHRDw
Reverend Kristin Michael Hayter,SAVED!,Album,2023,MPREb_3BlMuilLh20
J.R. Bohannon,Compulsions,Album,2022,MPREb_C4Hd5mBKOal
"Brian Eno, Robert Fripp",Evening Star,Album,1975,MPREb_Ej0giwUWIb2
Brian Eno,I Dormienti,Single,2023,MPREb_NusHYWakRSX
AJJ,Disposable Everything,Album,2023,MPREb_NyaCXMW6Q3l
Dom Flemons,Prospect Hill: The American Songster Omnibus,Album,2020,MPREb_bgJGSMAueiD
Michael Franks,Previously Unavailable,Album,1973,MPREb_9xRbL23KjB9
Melanie,Gather Me,Album,1970,MPREb_bs3o6wmNa0D
The Lemon Twigs,Go To School,Album,2018,MPREb_lrZ9BZqPdPS
"Flatland Cavalry, Olivia Rodrigo, Rachel Zegler",The Hunger Games: The Ballad of Songbirds & Snakes (Music From & Inspired By),Album,2023,MPREb_B9GocHBLvDP
Tuba Skinny,Magnolia Stroll,Album,2023,MPREb_R0n6qQCigMf
Tuba Skinny,Some Kind-A-Shake,Album,2022,MPREb_nMGHix2lKcn
Natalie Merchant,Ophelia,Album,1998,MPREb_9R4lCHxqO1W
"Billy Bragg, Wilco",Mermaid Avenue,Album,1998,MPREb_zcVyl6a9s2W
Jimi Hendrix,West Coast Seattle Boy: The Jimi Hendrix Anthology,Album,2010,MPREb_nVFdgcK8zTZ
Kid Loco,A Grand Love Story,Album,1997,MPREb_gtkq6WC4YdA
Weast,About You E.P.,Single,2018,MPREb_xHIUdYNTmcm
Iorie,Fritz Habecker EP,Single,2013,MPREb_T94jLBmfJbO
King Sunny Ade,The Best of the Classic Years,Album,2003,MPREb_0lzawJ4xBKu
King Sunny Ade,Juju Music,Album,1982,MPREb_A1fcNS8x8dt
The Gordons,Live In Holland,Album,1999,MPREb_waNdyRkWcOb
Lettuce,VIBE,Album,2023,MPREb_XYZAM7dFLGm
"Johann Sebastian Bach, The English Concert, Trevor Pinnock",Bach: The Harpsichord Concertos,Album,1981,MPREb_8t8KANMZvPo
Arc De Soleil,Casino Funk,EP,2022,MPREb_qvBpMgscvYM
Arc De Soleil,The Thief in Marrakesh Got Caught in Amsterdam Trying to Escape,Single,2019,MPREb_8KU1FBKQ5PP
Phish,Phish: Ventura,Album,2016,MPREb_OikjwZkDMSn
Ivan the Tolerable,Ritual In Transfigured Time,Album,2023,MPREb_vCigfiEzNl4
Ivan the Tolerable,Under Magnetic Mountain,Album,2023,MPREb_42ivrLmuwMl
Hallucinogen,In Dub mixed by Ott,EP,2002,MPREb_WmZg04rCoNV
The Kinks,Muswell Hillbillies (Super Deluxe),Album,1971,MPREb_jQiIXxoOEkP
The Kinks,Arthur or the Decline and Fall of the British Empire,Album,1969,MPREb_a2SieZTPKna
The Kinks,Arthur or the Decline and Fall of the British Empire (Bonus Track Edition),Album,1969,MPREb_aasq6ccvIft
Monster Rally,Crystal Ball,Album,2011,MPREb_YDHKYozt03G
Pink Floyd,The Early Years 1971 Reverber/ation,Album,2017,MPREb_qRqDIvTyqy0
Bob Brozman,Devil's Slide,Album,1988,MPREb_gzgZh408AOo
Penza Penza,Neanderthal Rock,Album,2022,MPREb_i4hL0Afx3zP
Penza Penza,Electricolorized,Album,2023,MPREb_JlUBuqP7T3a
Parcels,Live Vol. 2,Album,2023,MPREb_Nmoaz8iHqS5
Demon Fuzz,Afreaka! (Expanded Version),Album,2021,MPREb_UtcayzRjjaw
"Khruangbin, Toro y Moi",Live at The Fillmore Miami,Album,2023,MPREb_wNRLfFQv5Wj
"Isaac Chambers, Dub Princess",Isaac Chambers & Dub Princess,EP,2015,MPREb_v4126GHNjDd
Nouvelle Vague,Nouvelle vague,Album,2004,MPREb_d5uz2cjhf48
"Fred Pallem, Le Sacre du Tympan",Cartoons,Album,2017,MPREb_iHpXX2mmKyu
Randy Newman,One Night in Amsterdam,Album,2020,MPREb_f74lSqqke2t
Randy Newman,Randy Newman,Album,1968,MPREb_KiVMtHqxo1c
Randy Newman,Good Old Boys,Album,1974,MPREb_TlGUzJxkb9H
Randy Newman,Sail Away (Expanded & Remastered),Album,1972,MPREb_l5iEFgtxwHh
Xique-Xique,Xaxoeira,Album,2016,MPREb_jAd13GPy4Zy
Ola Belle Reed,Rising Sun Melodies,Album,2010,MPREb_w0chWuYWFZV
The Mills Brothers,My Walking Stick (feat. Louis Armstrong),Album,2011,MPREb_AjnBaXBdKjc
The Binary Cumbia Orchestra,Golazo,Album,2011,MPREb_uoxcbK9nqmC
Mammal Hands,Gift from the Trees,Album,2023,MPREb_pH6aMMVP24a
Dave Van Ronk,Folksinger,Album,1989,MPREb_DgkuPhaxLwF
Stephane Wrembel,Bistro Fada,Album,2012,MPREb_lxAprGAo2vz
BALTHVS,Third Vibration,Album,2023,MPREb_EsxVL1gMBUc
Nick Shoulders,All Bad,Album,2023,MPREb_xyxrDMwYJSR
Stephane Grappelli,California Here I Come,Album,2012,MPREb_SH4GoyyFAgw
"Jonny Nash, Lindsay Todd",Fauna Mapping,Album,2018,MPREb_wfcLjhIFVmr
Florian T M Zeisig,Music for Parents,Album,2021,MPREb_O2RejkbbK5e
Burial,Burial,Album,2006,MPREb_GKhIxOKxEnv
John R. Miller,"Conspiracies, Cults & UFOs",Single,2023,MPREb_pHlsqgIjIY1
The Rice Brothers,Rice Brothers 2,Album,1989,MPREb_Dt01wBzeCq1
RP Quartet,"Goat Rhythm (feat. Edouard Pennes, Bastien Ribot, Rémi Oswald & Damien Varaillon)",Album,2014,MPREb_Ond5rskqULG
RP Quartet,"Chicken Do It (feat. Lou Tavano, Arno de Casenove, Maxime Berton & Benoît Berthe)",Album,2016,MPREb_z5Yx1eQNhG2
Greenbriar Boys,Big Apple Bluegrass,Album,2006,MPREb_9yP3J6iHNgO
Cristina Vane,Make Myself Me Again,Album,2022,MPREb_66MAOTFqabn
Fourteen Days,A Return to Formless,Album,2020,MPREb_JCYvCW1XX5u
George Jackson,George Jackson's Local Trio (feat. Eli Broxham & Frank Evans),Album,2023,MPREb_dqhvlZ3gFzw
The Freddy Williams Four,Best Of Barbershop,Album,2007,MPREb_R8F8qpLTQmz
Barbershop Classic Quartet,Barbershop Classic Quartet,Album,1986,MPREb_093pYxGJmHn
Various Artists,Vintage Quartets,Album,2009,MPREb_lw3MtDSSaGE
Bernice Johnson Reagon,Bernice Reagon; Folk Songs: The South,Album,1965,MPREb_z3JRPljloj1
Juggernaut Jug Band,Don't Try This At Home,Album,2001,MPREb_r6WrTqy36hv
Caleb Klauder,Western Country,Album,2010,MPREb_C8kkFzlZkrT
Jeff Beck,Rock 'n' Roll Party - Honoring Les Paul,Album,2010,MPREb_V7txIGWGKAd
Blitzen Trapper,Wild Mountain Nation,Album,2007,MPREb_83fRKLb5iOf
Blitzen Trapper,Furr (10th Anniversary Deluxe Edition),Album,2008,MPREb_1GJx7la2GRV
Various Artists,Bring on the Girls 1926-1934,Album,2010,MPREb_krMIdgNKSpn
Carlos Bica,Playing with Beethoven,Album,2023,MPREb_JknDzsAfjkJ
Various Artists,French Rare Groove : Rare Funky Songs From France,Album,2022,MPREb_wdtXrEPb1T4
Piero Umiliani,La ragazza dalla pelle di luna,Album,2009,MPREb_AUJUwARVfVS
Piero Umiliani,To-Day's Sound,Album,1997,MPREb_P8L3fkUouu8
Biosphere,Shortwave Memories,Album,2022,MPREb_Gvsj2vITEt6
Brother Marshall & The Choir of Fire,All The Gold In California,Single,2023,MPREb_Ho3ysNrnm7P
Lindstrøm,Everyone Else is a Stranger,Album,2023,MPREb_YFO5uOry2Oe
The Polyversal Souls,Invisible Joy,Album,2015,MPREb_TlTUWjVQzvy
The Polyversal Souls,Sad Nile,Single,2023,MPREb_d4XAYQ0fWNA
Candle Kid,Candle Kid (EP),EP,2014,MPREb_qul108gBChe
Clark Kissick,EXIT 123,Album,2023,MPREb_4qzst5Ewazt
Sad Daddy,Sad Daddy,Album,2010,MPREb_MVysLQwp5zL
Jake Blount,The New Faith,Album,2022,MPREb_QFtAHphq4ZC
Gil Trythall,Country Moog / Nashville Gold,Album,2007,MPREb_UvJMBareNM9
Old Crow Medicine Show,O.C.M.S.,Album,2004,MPREb_2x6mAO1CRod
Nemanja Radulović,Roots,Album,2022,MPREb_QPE1AyoLyWm
"Julien Chauvin, Le Concert de la Loge",Vivaldi: Allegro from Violin Concerto RV 314,Single,2022,MPREb_leZKL6IdxIe
Reverberant Evenings,Lathe Biosas,Album,2021,MPREb_A2hMixbLh0I
Chicken Wire Empire,Verry Garcia,EP,2023,MPREb_OLzXYZbg3pe
Various Artists,Putumayo Presents Afro-Caribbean Party,Album,2015,MPREb_JjUozlcMIsV
"Dudu Tassa, Jonny Greenwood",Jarak Qaribak,Album,2023,MPREb_UaH4i2yNkOy
"Don Nino, Françoiz Breut",Cover songs in inferno,Album,2023,MPREb_ns7U58fpaH6
Taylor McFerrin,Early Riser,Album,2014,MPREb_5b1nEzQfOWI
Angels Of Libra,Revelations,Album,2023,MPREb_IAVN2CVpLC6
The Bluegrass Album Band,"The Bluegrass Album, Vol. 4",Album,1984,MPREb_wwP0zCpFjBo
The Flying Burrito Brothers,The Gilded Palace Of Sin,Album,1969,MPREb_4QuSQz8s4NL
"Lawrence English, Loscil",Colours of Air,Album,2023,MPREb_hddOcAdx58b
"Amon Tobin, Thys",Ithaca,EP,2020,MPREb_7iyJz0V6RQi
Jimkata,Bonfires,Album,2021,MPREb_QiJ1rlWsIpi
Etran de L'Aïr,Agadez,Album,2022,MPREb_JayHlld3UYQ
Mighty Poplar,"Mighty Poplar (feat. Andrew Marlin, Noam Pikelny, Chris Eldridge & Alex Hargreaves)",Album,2023,MPREb_yQdeeQBZshS
Herbie Hancock,Sextant,Album,1973,MPREb_ZAVO5uU8G97
Stephen Ulrich,Music From This American Life,Album,2023,MPREb_XtDqGbW3bVb
Clare Elich,Louder Than This Room,EP,2023,MPREb_b2pjmPGvEyt
"David Grisman, Tony Rice",The Gasoline Brothers,Album,2022,MPREb_lip1UHYCJLV
Jimmy Gaudreau,In Good Company,Album,2008,MPREb_rlcrdX3C7nR
Paul Burch,Last of My Kind,Album,2001,MPREb_XgBBPw0KuSq
Doc Watson,The Bottom Line Archive Series: (2002),Album,2015,MPREb_TQEfHcveqAi
Various Artists,The Power of the Latin Music,Album,2018,MPREb_eFcv3jUO7SO
Warmth,Linger,Album,2022,MPREb_alkSJuZwqzf
Kelsey Waldon,They'll Never Keep Us Down,Album,2020,MPREb_zTJdNFd5fze
Alabaster DePlume,GOLD,Album,2022,MPREb_nP9hvK9jcWt
Ivan the Tolerable,Autodidact II,Album,2022,MPREb_FVbf5m257dl
Akusmi,Fleeting Future,Album,2022,MPREb_UFUP22GNhNH
Quiet Dawn,Simple,Album,2023,MPREb_C1aRPBrJTKe
Maurice Ravel,Maurice Ravel Plays His Finest Works,Album,2013,MPREb_RoyClwN0RV5
London Odense Ensemble,"Jaiyede Sessions, Vol. 2",Album,2023,MPREb_oCzvCUtgtGW
Ivan the Tolerable,The Continuous Katherine Mortenhoe,Album,2022,MPREb_Qje1ugNFpLz
Dope Lemon,Rose Pink Cadillac,Album,2022,MPREb_8CHz9srK5dv
The Quintet Of The Hot Club Of San Francisco,QHCSF (The Quintet Of The Hot Club Of San Francisco) (feat. paul Mehling),Album,2006,MPREb_MNBRSWaTkz7
Various Artists,Histoires simples - Simple Stories,Album,2006,MPREb_F9kJR71bL82
Frogwings,Croakin' at Toads,Album,2000,MPREb_A6RzDgQRUtg
SVLBRD,Inland,Album,2020,MPREb_mGa35s4KMBj
"Lee Hazlewood, Nancy Sinatra",Nancy & Lee,Album,2022,MPREb_BE1mgtsfQnc
Phish,Amsterdam,Album,2015,MPREb_i5wt8Yg9vkE
"Antonio Vivaldi, Rolf Lislevand",Vivaldi: Musica per liuto e mandolino,Album,2007,MPREb_NcXgd5cAJkO
Various Artists,Country Music Pioneers on Edison,Album,2006,MPREb_YmdFTI85NdL
Pablo Moriego,Pearls,Album,2017,MPREb_KCjnIK8SVsS
NTO,Every Wall Is a Door / The Gloomies,Single,2012,MPREb_wwd7jqf2QGu
Electric Octopus,St. Patrick's Cough,Album,2022,MPREb_ZjD2aEC2mGg
"Doc Watson, Merle Watson",Home Sweet Home,Album,1998,MPREb_NyJX699vM67
Manu Dibango,African Voodoo,Album,1972,MPREb_WJzwHZgTQA6
Matt Heckler,The Magnolia Sessions,Album,2020,MPREb_oLb6DXWZZKF
Chris Joss,Sticks,Album,2015,MPREb_lt8xn0pnyo4
Sam Platts And The Plainsmen,West Side,Album,2022,MPREb_QeNgk68JkKd
SVLBRD,Solstice,Album,2021,MPREb_gItTFAO7BL6
SVLBRD,Somber,Album,2022,MPREb_A9ka8Zw9cYR
Thibault Cauvin,Le voyage d'Albéniz,Album,2014,MPREb_0VMm0JlSLV1
Nils Frahm,Spaces,Album,2013,MPREb_00DnPWqG6G4
Hazel Dickens and Alice Gerrard,Pioneering Women of Bluegrass,Album,1996,MPREb_aCpderkFhpL
Hot Club Of Cowtown,What Makes Bob Holler,Album,2021,MPREb_23EXXNZRcLY
Nick Shoulders,"Okay, Crawdad",Album,2019,MPREb_fesV3GfwowY
David Bromberg,Wanted Dead Or Alive,Album,1974,MPREb_AJpEHPAPupK
Jade Cicada,Pressure Gamut,Album,2023,MPREb_9NLYGjxMSEA
The Floozies,Sunroof Cadillac,EP,2012,MPREb_KxjdYFDNHYa
Bella White,Rhododendron,Single,2022,MPREb_PXIuyMrLX76
The Rugged Nuggets,Odds & Ends,Album,2021,MPREb_K5f67FFKq7r
Moby,Ambient 23,Album,2023,MPREb_ZytpYEbJSEA
"Chihei Hatakeyama, Pjusk",Svaberg,Album,2022,MPREb_cNS6yqKrqNy
Chihei Hatakeyama,Live at Commend (Part 2),Album,2022,MPREb_KIWEwsHW8fg
Tone Dog,Lonesome Bicycle Farmer,Single,2022,MPREb_Pm5VhuAQVa5
Paperclip Minimiser,Paperclip Minimiser,Album,2022,MPREb_tnsJ52IrlJI
Jockstrap,Acid,Single,2020,MPREb_xrTTBt5UMuG
M Ross Perkins,E Pluribus M Ross,Album,2022,MPREb_IQGZE7x2kFf
Various Artists,Saint-Germain-des-Prés-Café - Anthology,Album,2017,MPREb_lozvRTJVL2I
Jorge Ben,Samba Esquema Novo,Album,1963,MPREb_49pU0WsCtNI
Amsterdam Klezmer Band,Remixed,Album,2006,MPREb_AlVToUXcaa1
"Birds On a Wire, Dom La Nena, Rosemary Standley",Shake Sugaree,Single,2020,MPREb_vNlorcsw06G
Fluxion,Parallel Moves,Album,2021,MPREb_kyH0exUio9T
Peter von Poehl,May Day,Album,2009,MPREb_6liDZZ5dnnR
Sam Bush,Radio John: Songs of John Hartford,Album,2022,MPREb_zO01NlCpphh
Steve Reich,Phases,Album,2006,MPREb_aWy432XdwSh
Akira Ishikawa & His Count Buffalos,African Rock,Album,2015,MPREb_w5XnkhdTrr3
Roger Miller,Roger Miller,Album,1969,MPREb_oevUBpTsaQA
Monolake,Polygon_Cities,Album,2005,MPREb_TmDuPRBZMHs
Ghost Funk Orchestra,A New Kind Of Love,Album,2022,MPREb_cL8jABLQmKp
Monolake,Archaeopteryx,Album,2020,MPREb_4WxkJ00bcKw
Monolake,Gravity,Album,2001,MPREb_niRnQJX7wGg
Anbessa Orchestra,Gobez (Brave),Single,2021,MPREb_ScxZmrCZoBV
Rayna Gellert & Susie Goehring,Starch & Iron,Album,2005,MPREb_5EfV8eVjOAm
Sci-Fi Soldier,Get More Down,Album,2022,MPREb_sWyULigcLjx
Chihei Hatakeyama,Ghost Woods,Album,2019,MPREb_Qj4ywtL4k7D
Various Artists,"British Dance Bands - Pete Smiths Specialties, Vol. 2",Album,2019,MPREb_wIRDlul0zr7
Rayna Gellert,Old Light: Songs from my Childhood & Other Gone Worlds,Album,2012,MPREb_ChofUTMYmvG
"Kieran Kane, Rayna Gellert",The Flowers That Bloom in Spring,Album,2022,MPREb_pJ7e0DWiE0g
Geju,Sad Elements,Album,2022,MPREb_VBbDCDPaRCs
Teho,Woody,EP,2018,MPREb_lLFIrDlwaZW
The Dwarfs of East Agouza,Bes,Album,2016,MPREb_2z7IR2gZgaJ
Old & In The Way,The Complete Boarding House Shows,Album,2013,MPREb_r37SpMzjp9z
Harold Budd,Jane 12-21,Album,2014,MPREb_c4xvSoFCIVA
"Maggie Roche, Terre Roche",Kin Ya See That Sun (Live),Single,2022,MPREb_ciImCuMQphI
Bonobo,Defender,Single,2022,MPREb_MYHQhcJJlaU
Justice,Planisphere,Single,2022,MPREb_Dedig5RJdVk
Homer & Jethro,Somethin' Stupid,Album,2017,MPREb_GYiKLon1GnL
Original Broadway Cast of Avenue Q,Avenue Q (Original Broadway Cast Recording),Album,2003,MPREb_NO9LC8EpoC9
The D'Oyly Carte Opera Company,"The Very Best of Gilbert and Sullivan: Music from The Gondoliers, The Pirates of Penzance, The Mikado, The Yeomen of the Guard, Iolanthe...",Album,2005,MPREb_xnMEiFJIZu7
Portico Quartet,Knee-Deep In the North Sea,Album,2007,MPREb_piinMLxuFsh
Dengue Dengue Dengue,Fiebre,Album,2020,MPREb_7LNMDC9E5jA
DJ Frane,Electric Garden of Delights,Album,2003,MPREb_D78cIUZFYwC
Bob Johnson And The Lonesome Travelers,Twelve Shades Of Bluegrass,Album,1962,MPREb_dM7hmPAAga7
Country Gentlemen,On The Road (And More),Album,2001,MPREb_uQWcLjLOhzy
Dengue Dengue Dengue,Semillero,EP,2018,MPREb_YQSEn6Qol6W
Pink Floyd,Animals (2018 Remix),Album,2022,MPREb_hKlu3eF0iji
Rayna Gellert & Friends,Ways of the World,Album,2000,MPREb_gWaEWZP5dLd
Oceanvs Orientalis,Untold / Unknown,Album,2015,MPREb_DkvsZ7lUNv5
El Búho,Cenotes,EP,2015,MPREb_bOmzmd9Rx4M
Various Artists,Loose & Juicy,Album,1975,MPREb_5O8tqoqOBwG
Loscil,Stases,Album,2022,MPREb_01yTScycsH2
Various Artists,"A Copland Celebration, Vol. II",Album,2000,MPREb_jFpsoF5Eujc
Ian Anderson,The Secret Language Of Birds,Album,2000,MPREb_mhRqp36JaFb
"Medeski, Martin & Wood",Last Chance to Dance Trance (Perhaps): Best Of (1991-1996),Album,1999,MPREb_Nr9fW8XNAye
Harry Roy,Harry Roy and His Orchestra. New Day Come,Album,1996,MPREb_13z1dcJGtWb
Madalitso Band,Musakayike,Album,2022,MPREb_EM7q5sOqK5M
Good Looks,Bummer Year,Album,2022,MPREb_nyAI26nnQdX
Addis Pablo,Melodies from the House of Levi,Album,2022,MPREb_FSrREnsWi4Q
Pink Floyd,Animals,Album,1977,MPREb_KC0syME1cxK
Jesse Fuller,Move On Down The Line,Album,1965,MPREb_RCvoC3au8cl
Tall Poppy String Band,Tall Poppy String Band,Album,2022,MPREb_W8nTMqlKGJV
Sven Wunder,Mosaic,Single,2022,MPREb_RbgLJTEuXTz
Yosi Horikawa,Vapor,Album,2013,MPREb_3NEo1FcUQHY
Astrix,Astrix - He.art,Album,2016,MPREb_W269HnWVnId
"Aes Dana, V/A","Cosmik Chill ""Orange""",Album,,MPREb_Fhpc9ngsde2
John Scofield,John Scofield,Album,2022,MPREb_uNsOvS4CLTr
John Scofield,A Go Go,Album,1998,MPREb_DBVBoad6YZb
"Bob Brozman, David Grisman, Mike Auldridge",Tone Poems III,Album,2000,MPREb_JVESeQHb2II
DJ Frane,Frane's Fantastic Boatride (remastered),Album,1999,MPREb_X5lWmOn8gXc
Hawktail,Place of Growth,Album,2022,MPREb_Ajrfg6OdYuk
DJ Frane,Hi Dusty Stranger,Album,2013,MPREb_kDbYju4jDLU
David Grisman Quintet,The Original David Grisman Quintet: Live in Dawg's Living Room,Album,2022,MPREb_tj04bS1hLPo
David Grisman Quintet,Live At The Gamh 1979,Album,2011,MPREb_K5N7NUxqUno
Kaitlyn Aurelia Smith,The Mosaic of Transformation,Album,2020,MPREb_Ca57sK7J87x
Doc & Merle Watson,Bear's Sonic Journals: Never the Same Way Once (Live),Album,2017,MPREb_t7zqWNXvF75
Doc Watson,The Saddlerack (California Live '82),Album,2020,MPREb_CCT1AzRjT7j
Yonder Mountain String Band,"Mountain Tracks, Vol. 5",Album,2008,MPREb_fKag0QstJst
Jimmie Rodgers,RCA Country Legends,Album,2002,MPREb_OuULPz4pJfz
Hot Club of Cowtown,Rendezvous in Rhythm,Album,2012,MPREb_jmrfxOjB4sC
Brittany Haas,Impromptu Sessions No. 1: Brittany Haas (feat. Paul Kowert & Mike Gaisbacher),Album,2022,MPREb_s0SzcJEs3km
Nightmares on Wax,Shout Out! To Freedom...,Album,2021,MPREb_Y3blEoEEosV
Erland Cooper,Music For Growing Flowers,Single,2022,MPREb_geTcF3DH0Jt
Gabor Szabo,Bacchanal,Album,1968,MPREb_UygbRMypihM
"Dirk Powell, John Hermann, Tim O'Brien",Songs From The Mountain,Album,2002,MPREb_LOzniYOwxoV
Ron Trent,What Do the Stars Say to You,Album,2022,MPREb_VtdAptv3XME
Stillhouse Junkies,Calamity,Album,2020,MPREb_OWJfGPaqA8A
Norman Blake,Back Home In Sulphur Springs,Album,1972,MPREb_HUALt6QOJsW
High Rise,High Rise II,EP,1986,MPREb_Pp5nur6cZbx
"Stéphane Grappelli, Django Reinhardt","The Very Best of Grappelli & Django (Anthology, Vol. 1)",Album,2011,MPREb_Fa5wZWPzGtr
Django Reinhardt,Django Reinhardt & Quintette du Hot Club de France,Album,2014,MPREb_Y4PmgSuB7xq
Various Artists,Love and Nature Adventure,Album,2017,MPREb_qr5LsXFSazK
Wax Tailor,Tales of the Forgotten Melodies,Album,2005,MPREb_HxtejbjHh7c
Wax Tailor,The Shadow of Their Suns,Album,2021,MPREb_hLTjBd8Pcad
"Ricky Skaggs, Tony Rice",Skaggs And Rice,Album,1993,MPREb_bk8M74fGMvm
Dr. John,Desitively Bonnaroo,Album,1974,MPREb_qz6SpQMQW94
"Jonah Horton, Pinecastle Records","Bluegrass 2022 (feat. Scott Vestal, Randy Kohrs, Tim Crouch & Cody Kilby)",Album,2022,MPREb_tXSCB3SHSDW
GENDEMA,Milouda,Album,2022,MPREb_HVTP02CSNgF
bayamo.,Slow is Fast,Album,2022,MPREb_CgqjEjeeq4C
Electric Light Orchestra,Out of the Blue,Album,1977,MPREb_NTvm5vivAFP
Elton John,Goodbye Yellow Brick Road,Album,1973,MPREb_3SUwY5u1EWG
Ott,Fairchildren,Album,2015,MPREb_fpL2Ti2IEmH
Teno Afrika,Where You Are,Album,2022,MPREb_MkKcduxiViG
72-HOUR POST FIGHT,NON-BACKGROUND MUSIC,Album,2022,MPREb_iaKvcQeVult
Hubert Daviz,A Diezel Odyssey,Album,2022,MPREb_hMj4gsciB9n
Be Svendsen,Nabia,Album,2017,MPREb_aGnGlOX7jfU
Bill Wyman's Rhythm Kings,Let The Good Times Roll (Live),Album,2018,MPREb_L1LklI52mlM
Loscil,"The Sails, Pt. 2",Album,2022,MPREb_tkdl36Pw4BJ
"David Grisman, Sam Bush","Hold On, We're Strummin'",Album,2003,MPREb_AzRtiYGdqXU
Joe Glazer,Union Train,Album,1975,MPREb_xH0GflPpbVV
Pinecastle Records,"Zip-A-Dee-Doo-Dah (feat. Tony Wray, Tim Crouch & Dennis Parker)",Single,2022,MPREb_kudrQh5RdFP
Pinecastle Records,"Welcome to New York (feat. Scott Vestal, Randy Kohrs, Tim Crouch & Cody Kilby)",Single,2022,MPREb_2wmbtdpU7bT
"Landhouse, Raddantze",Robots In Lilac Spaceships,Album,2016,MPREb_FVh116b6gDF
Del McCoury,High Lonesome and Blue,Album,2004,MPREb_ma7xBEAYwHK
Foghorn Stringband,Reap What You Sow,Album,2004,MPREb_6yNvO8Q7MuC
Foghorn Stringband,Rock Island Grange,Album,2018,MPREb_ftP1ZGUcK0j
Ned Luberecki,Back in Baltimore (feat. Tim O’Brien),Single,2021,MPREb_TagcBP82r2K
Ned Luberecki,Magrathea,Single,2021,MPREb_zR1BJnvbKZg
Floating Points,Reflections - Mojave Desert,Album,2017,MPREb_SsZW0wQq6KP
Béla Fleck,Perpetual Motion,Album,2001,MPREb_8qjHUwVrIM3
T Sisters,Kindred Lines,Album,2014,MPREb_ejyk3xtXqr8
"Golden Highway, Molly Tuttle",Crooked Tree,Album,2022,MPREb_OLltd7s5TsN
"Floating Points, Pharoah Sanders & The London Symphony Orchestra",Promises,Album,2021,MPREb_ZZsSUVTqG5U
"David Grisman, Stephane Grappelli",Stephane Grappelli and David Grisman Live,Album,1994,MPREb_Dl83Yt5qT5t
Various Artists,Numa - Fuego Sagrado,Album,2018,MPREb_ZcRek945oEC
Magic Tuber Stringband,Wind Machines,Album,2021,MPREb_gL0LcXVy64o
Intuitive Compass,Wake Up Little Song Bird,Album,2013,MPREb_TbOLCdsBpr3
Chancha Vía Circuito,Amansara Remixed,Album,2015,MPREb_SPphFTgw1g3
Various Artists,A Guide to the Birdsong of South America,Album,2015,MPREb_qBZNi5E9D7D
Umoja,Vuelo Nocturno,Album,2013,MPREb_zdbNLqRKtnJ
Les Yeux Noirs,A Band of Gypsies,Album,1992,MPREb_4jrAezhtG7l
Lance Ferguson,Rare Groove Spectrum,Album,2019,MPREb_5APhSQEC9wE
Yonder Mountain String Band,Get Yourself Outside,Album,2022,MPREb_Zqr2LJWuEnW
Daft Punk,Alive 2007,Album,2007,MPREb_CtOaObihCXA
Phish,"The Clifford Ball (Live, August 16 & 17, 1996)",Album,2022,MPREb_aDr1HkQg2vu
Justice,A Cross The Universe,Album,2008,MPREb_TjgVvQRbVKM
Younger Brother,Vaccine Electronic,Album,2014,MPREb_NCR8Cqr545Z
John Hartford,Live From Mountain Stage,Album,2000,MPREb_AusVm5f85g1
Toots Thielemans,The Brasil Project Vol. II,Album,1992,MPREb_Plsdxdphoe8
Bruno Pernadas,Those Who Throw Objects at the Crocodiles Will Be Asked to Retrieve Them,Album,2016,MPREb_BnVNZPVcqKQ
Various Artists,Trentemøller - The Digital Chronicles,Album,2007,MPREb_KI9JGROFWVR
Trentemøller,Obverse,Album,2019,MPREb_B81BYUsdLM6
Trentemøller,The Last Resort,Album,2006,MPREb_CKYwiWTKNtB
Robert Walter,Better Feathers,Album,2022,MPREb_8Q1cL8ZbPIc
Ween,"Live at Stubb's, 7/2000",Album,2003,MPREb_11ZcAhJJsXh
Aoife O'Donovan,Age of Apathy,Album,2022,MPREb_zlvfTg4hevJ
Tony Trischka,Shall We Hope,Album,2021,MPREb_dUOP2kbW6ZY
Jon Hopkins,Music For Psychedelic Therapy,Album,2021,MPREb_X7iyI2q2QEr
Bonobo,Fragments,Album,2022,MPREb_8RTEBZnp6F7
Emancipator,Soon It Will Be Cold Enough,Album,2006,MPREb_1Eejvi2xh4U
Jimmy Smith,Root Down,Album,1972,MPREb_MP5Q6lBKRkS
"Wes Montgomery, Wynton Kelly Trio",Smokin' At The Half Note (Expanded Edition),Album,1965,MPREb_sTqqujFw6X6
Punch Brothers,Hell on Church Street,Album,2022,MPREb_0AQ7j2V2vjZ
Loscil,Lux: Refractions,Album,2021,MPREb_6NC1Epx4B0Z
Growing,Diptych,Album,2021,MPREb_rT1LD60ajLd
Joshua Rilko,Side B: Rock & Roll,EP,2021,MPREb_0im3Wxr5pIQ
Joshua Rilko,Side A: Lost Soul,EP,2021,MPREb_IyUTMh7TiQU
"Jimmy Smith, Wes Montgomery",Further Adventures Of Jimmy And Wes,Album,1966,MPREb_bql9xO3VYLB
Wood & Wire,No Matter Where It Goes from Here,Album,2020,MPREb_MGroNczU2uv
Various Artists,There is No Eye: Music for Photographs,Album,2001,MPREb_ZVPNvKHm3VA
Brightblack Morning Light,Motion To Rejoin,Album,2008,MPREb_0qDyvqCZddZ
Brightblack Morning Light,Brightblack Morning Light,Album,2006,MPREb_uScHicLSIuF
Espers,The Weed Tree,Album,2005,MPREb_0Aid4mwrGiG
Boogaloo Joe Jones,Sweetback,Album,1975,MPREb_5LBYy4sC1b3
Elizabeth Cotten,"Elizabeth Cotten, Volume 3: When I'm Gone",Album,1979,MPREb_HB7igELKTdw
Elizabeth Cotten,Freight Train and Other North Carolina Folk Songs and Tunes,Album,1989,MPREb_LfXHyFm03k1
Nora Brown,Sidetrack My Engine,Album,2021,MPREb_hVjdNgANTXv
Sierra Ferrell,Long Time Coming,Album,2021,MPREb_EWu88zsiQfC
Jake Blount,Spider Tales,Album,2020,MPREb_BGAwxaSaMgT
"Eat Static, Shpongle","Shpongle Static (Live at Ozora, 2019)",Album,2020,MPREb_aI1H30WFmVH
"Shpongle, Simon Posford",Flux & Contemplation - Portrait of an Artist in Isolation,Album,2020,MPREb_WsV6CyjKVlo
"Chicago Symphony Orchestra, Sir Georg Solti, Vladimir Ashkenazy",Beethoven: Piano Concertos,Album,1973,MPREb_Wee5IHswmTY
Various Artist,Hard Luck And Misery,Album,2021,MPREb_WVVSTwZTKec
Shpongle,"Nothing Lasts...but Nothing Is Lost (Remastered, 2019)",Album,2005,MPREb_PIu7DX0Ct0h
Mississippi John Hurt,"D.C. Blues - The Library of Congress Recordings, Vol. 2",Album,2000,MPREb_OkISYLBv8I0
The Beatles,Love,Album,2006,MPREb_QXijY09EdMj
Various Artists,Uncle Art Satherley: Country Music's Founding Father,Album,1991,MPREb_kOrKLBMWJ2w
Autechre,SIGN,Album,2020,MPREb_stHsEGGtzit
Various Artists,"Traditional Music from Grayson and Carroll Counties, Virginia: Songs, Tunes with Fiddle, Banjo and Band",Album,1962,MPREb_gbM66feIfpK
Jerry Garcia Band,"Let it Rock: The Jerry Garcia Collection, Volume 2 (feat. Jerry Garcia Band)",Album,2009,MPREb_9hvdzMG57di
Country Gentlemen,The Early Rebel Recordings: 1962-1971,Album,2005,MPREb_75Y86zetzFt
Restless Leg String Band,Seasonal Progression,Album,2021,MPREb_0pnjpPPpslm
Master Margherita,Selections by Master Margherita,Album,2016,MPREb_GmLTKgrJlTX
Master Margherita,Sonic Ink,EP,2019,MPREb_spl5bUDpgu3
Master Margherita,Border 50,Album,2018,MPREb_3Vb7rrbdugB
Barcelona Gipsy balKan Orchestra,Nova Era,Album,2020,MPREb_0pZuXmLXpo2
Opa Tsupa,Bastringue,Album,2005,MPREb_2p9q1lG2QRj
Various Artists,The Village Out West: The Lost Tapes of Alan Oakes,Album,2021,MPREb_QV0Ewp0OtBM
"Timothy Cummings, Brad Kolodner, & Pete Sutherland",The Birds' Flight,Album,2021,MPREb_SjsutnM9LpE
Pokey LaFarge,In the Blossom of Their Shade,Album,2021,MPREb_uvSclzJ0wKz
Entheogenic,Dreamtime Physics,Album,2017,MPREb_YYMuxkL1eN3
Younger Brother,A Flock of Bleeps,Album,2003,MPREb_tq5v4Xw3ex1
Celtic Cross,Hicksville,Album,1998,MPREb_DNCbycVr573
Country Gentlemen,Can't You Hear Me Callin',Album,2005,MPREb_A9SmIKnU3rE
"David Grisman, Tony Rice",Tone Poems,Album,1994,MPREb_f43pYG92ODf
"Andy Statman, David Grisman",New Shabbos Waltz,Album,2006,MPREb_JE5qnK3HTFO
Cafe Accordion Orchestra,Le Disque Francais,Album,2004,MPREb_9r9nTRkGfry
Goran Bregović,Champagne For Gypsies,Album,2012,MPREb_ucoK0VMjAFW
Gogol Bordello,Super Taranta!,Album,2007,MPREb_fCbNI3QLIFv
The Byrds,(Untitled) /(Unissued),Album,1970,MPREb_N866QU7r1dk
The Kinks,Something Else (Deluxe Edition),Album,1967,MPREb_f8Exd7ocRlw
Billy Strings,Renewal,Album,2021,MPREb_9eJM6r0TnUy
Ken & Brad Kolodner,Stony Run,Album,2020,MPREb_986XIMThUSz
Sturgill Simpson,The Ballad of Dood & Juanita,Album,2021,MPREb_3357BW8tl5h
Brad Kolodner,Chimney Swifts,Album,2021,MPREb_hV33x9w4tLG
Béla Fleck,My Bluegrass Heart,Album,2021,MPREb_wqzwvXxj2Hy
Michael Franks,Burchfield Nines,Album,1978,MPREb_LS3IDjJ17eJ
Little People,THREAD,EP,2021,MPREb_1p2Px4txAlX
"Thomas Enhco, Vassilena Serafimova",Bach Mirror,Album,2021,MPREb_XlvuVIMxifC
Marty Robbins,Gunfighter Ballads And Trail Songs,Album,1959,MPREb_BulkEIpIn7k
Marty Robbins,The Drifter,Album,1966,MPREb_jfIUVZvlqyW
The Chicken Chokers,07,Album,2007,MPREb_WXEgKurbthw
The Byrds,Sweetheart Of The Rodeo,Album,1968,MPREb_jBeLKnXNttQ
Bonobo,One Offs (Remixes & B Sides),Album,2002,MPREb_I72KE4lpUE1
Byron Berline,Jammin' with Byron,Album,2016,MPREb_j2bgbGXTt3Q
Mary Gauthier,The Foundling,Album,2010,MPREb_Szi01KpOx2s
Various Artists,Jazz Dispensary: Orange Sunset,Album,2020,MPREb_hBUa1ELPy8F
Jake Eddy,Jake Eddy,Album,2021,MPREb_197jK3ppb97
Sierra Ferrell,Bells Of Every Chapel (feat. Billy Strings),Single,2021,MPREb_ChvEARm7vxB
Can,Monster Movie (Remastered Version),Album,1969,MPREb_XlCOjgMss0h
The Holy Modal Rounders,Moray Eels Eat The Holy Modal Rounders,Album,1968,MPREb_YyKulUskxIG
Santana,Lotus,Album,1974,MPREb_WSlpr5yY8AD
The Who,Live At Leeds (2010 Super Deluxe Edition),Album,1970,MPREb_slsUFeT530c
Matt Heckler,After the Flood,Album,2019,MPREb_EOaogKqJTlT
Ween,12 Golden Country Greats,Album,1996,MPREb_5pLdTduoVYe
Stan Rogers,Fogarty's Cove,Album,1976,MPREb_0WUHswyXJYG
Various Artists,"Ghana Special: Modern Highlife, Afro Sounds & Ghanaian Blues 1968-81",Album,2010,MPREb_0uhbRUDqHJL
Karl Hector & The Malcouns,Unstraight Ahead,Album,2014,MPREb_alHoOlZ6LqS
The Jim Kweskin Jug Band,Jim Kweskin And The Jug Band,Album,1963,MPREb_GHlscITdlZr
Ian & Sylvia,Four Strong Winds,Album,1964,MPREb_JVQcnpchq4P
John Sebastian,Tarzana Kid,Album,2009,MPREb_pbNi8fI00iC
Chris Thile,Laysongs,Album,2021,MPREb_sOpjOzhS0VK
Tim O'Brien,He Walked On,Album,2021,MPREb_r9esFRRK6Ik
Kikagaku Moyo,House in the Tall Grass,Album,2016,MPREb_m8BZBND5riT
Ethel Waters,Down Home Blues (Original Recordings 1920 - 1921),Album,2014,MPREb_F2f3QRCrtmK
Kikagaku Moyo,Kikagaku Moyo,EP,2013,MPREb_DAljCoRibV8
Kikagaku Moyo,Gypsy Davey,Single,2020,MPREb_PT7sC2ZOGCy
Kikagaku Moyo,Masana Temples,Album,2018,MPREb_qHmn3fj2OVy
"Camerata Salzburg, Hélène Grimaud",The Messenger,Album,2020,MPREb_dygQ5OiD2XD
The Rice Brothers,The Rice Brothers,Album,1989,MPREb_3PXKPzAbQPj
Jerry Garcia Acoustic Band,Almost Acoustic (feat. Jerry Garcia Acoustic Band),Album,1988,MPREb_kwVQIRGtdYQ
Jerry Garcia Acoustic Band,Ragged But Right,Album,2010,MPREb_ArjEnopUf5N
Daft Punk,Discovery,Album,2001,MPREb_7ltM34kr0mH
"John Hartford, Tony Rice, Vassar Clements",Hartford Rice and Clements,Album,2011,MPREb_WJlgl1UF78f
Can,LIVE IN STUTTGART 1975,Album,2021,MPREb_wRSsf0Nn8sD
Nils Frahm,Graz,Album,2021,MPREb_bu5GW6ByMbr
Nils Frahm,All Melody,Album,2018,MPREb_1qye8mQerrK
Beaux Arts Trio,"Mozart: Quintets, Quartets, Trios etc (Complete Mozart Edition)",Album,2005,MPREb_2uJfatGDAoj
Foghorn Stringband,Outshine the Sun,Album,2012,MPREb_XATRxRhRAw1
Foghorn Stringband,Rattlesnake Tidal Wave,Album,2002,MPREb_zf7F09MWKAN
Useful Jenkins,Festival Express,Album,2012,MPREb_9O2YnXcVrAk
Tejon Street Corner Thieves,Stolen Goods,Album,2021,MPREb_pvPp3sIER6N
The Reverend Peyton's Big Damn Band,Dance Songs for Hard Times,Album,2021,MPREb_WkVBTHPoFw3
Pokey LaFarge,Rock Bottom Rhapsody,Album,2020,MPREb_JT6lwHUHQul
Studio Group,Jungle Porn Soundtrack,Single,2006,MPREb_7FTPU5d5aq5
A Winged Victory for the Sullen,Invisible Cities,Album,2021,MPREb_t0DsBYiOm2K
A Winged Victory for the Sullen,A Winged Victory for the Sullen,Album,2011,MPREb_psr8s8mAZDV
Stars of the Lid,The Ballasted Orchestra,Album,1996,MPREb_L3dNDv0DZki
"Jon McCafferty, Stars of the Lid",Per Aspera Ad Astra,Album,1997,MPREb_TGt5SQRdI6j
From the Mouth of the Sun,Sleep Stations EP,EP,2018,MPREb_SIXRs7hxslm
Stars of the Lid,Gravitational Pull vs. The Desire for an Aquatic Life,Album,1996,MPREb_l0XcOCuSrMI
Stars of the Lid,Music for Nitrous Oxide,Album,1995,MPREb_bnyvgCXj9oc
Stars of the Lid,And Their Refinement of the Decline,Album,2007,MPREb_MuYPqTSGEVB
loscil,coast/range/arc//,Album,2011,MPREb_xFnlYHUoJLV
Fela Kuti,Roforofo Fight,Album,1972,MPREb_bNVy6Axa3tT
The City Champs,The Safecracker,Album,2009,MPREb_XhgpKjpOvvB
El Búho,Camino de Flores,Album,2018,MPREb_X4x8MChCq9E
Bluetech,The 4 Horsemen of the Electrocalypse,Album,2019,MPREb_GhwPOc3IUtw
Loscil,Coast / Range / Arc,EP,2011,MPREb_5B37dUdin89
loscil,Endless Falls,Album,2010,MPREb_5petiP3xRKC
loscil,First Narrows,Album,2004,MPREb_aPJyqnC7DtO
loscil,Sea Island,Album,2014,MPREb_Dvfwoj5D6ZF
loscil,Sketches from New Brighton,Album,2012,MPREb_PnWf0JnOOSi
Loscil,"Faults, Coasts, Lines",Album,2020,MPREb_t4aMAWxPHgb
loscil,Submers,Album,2002,MPREb_2KPZeQbArJb
Doc & Merle Watson,Down South,Album,1984,MPREb_iN4fwlL4FSq
White Rainbow,Prism of Eternal Now,Album,2007,MPREb_p8dsUqNp4Br
"Leo Kottke, Mike Gordon",Clone,Album,2002,MPREb_aWjICCBVsCs
"Dahlak Band, Hailu Mergia",Wede Harer Guzo,Album,2016,MPREb_rDqEYbc3SYF
Nuanda,Shades,Single,2018,MPREb_FunMk6rvrrj
Various Artists,The House That Trane Built: The Best of Impulse Records,Album,2006,MPREb_GT2O6YL7yvt
The Greyboy Allstars,What Happened to Television?,Album,2007,MPREb_wvNezrR4wEW
The Greyboy Allstars,West Coast Boogaloo,Album,1994,MPREb_ypkrfKFZlBB
Crooked Still,Shaken By A Low Sound,Album,2006,MPREb_jDdzhyeJKgl
Crooked Still,Hop High,Album,2004,MPREb_TqjBIKeXM2d
Wood & Wire,"The Woodshed Sessions, Vol. 2",EP,2017,MPREb_PFMr4V9IrNq
Hedy West,Pretty Saro & Other Appalachian Ballads,Album,2011,MPREb_omTOcDFrnf1
Chakachas,Jungle Fever,Album,1972,MPREb_MuuRZqjwGms
Hedy West,Matty Groves,Album,1967,MPREb_EwViLFoqECb
Hedy West,Ballads,Album,1967,MPREb_tDEemnIXwj0
Féloche,Féloche & The Mandolin' Orchestra,Album,2020,MPREb_HPpMrI7AL1F
Various Artists,Moog & Sitar,Album,2011,MPREb_o4hgr4vG7Ov
TAARKA,Seed Gathering for a Winter Garden,Album,2009,MPREb_yRqhO5wo3Es
Jeff Picker,With the Bass in Mind,Album,2020,MPREb_mBEQ1LSxSaR
EOB,Earth,Album,2020,MPREb_n0FAJesh66Q
Doc Watson,Doc Watson,Album,1964,MPREb_484cLlH7eVa
Pokey LaFarge,Pokey LaFarge,Album,2011,MPREb_WZ0Fhf3DCCW
Robert Ellis & Courtney Hartman,Dear John,Album,2017,MPREb_8X8qdqfBjkC
Wood & Wire,Wood & Wire,Album,2013,MPREb_TD4sQOhWs2Z
ProleteR,Curses from Past Times EP,EP,2011,MPREb_idDWo2QMBoO
Various Artists,Isolation Therapy,Album,2020,MPREb_PxskQ8XF3m1
"Billy Strings, Don Julin",Fiddle Tune X,Album,2014,MPREb_tDesSDBe6S7
The Appleseed Collective,Live At the Ark,Album,2014,MPREb_9Ey1P64izhf
The Appleseed Collective,Baby to Beast,Album,2012,MPREb_TaSNJGymsJx
The Appleseed Collective,Antidote,Album,2020,MPREb_qfV5slnMjXi
First Aid Kit,The Lion's Roar,Album,2012,MPREb_s90FxSxuWmX
Tommy Guerrero,Sunshine Radio,Album,2021,MPREb_6T1Q8qIoiYW
"David Grisman, Tony Rice",Dawg & T (Live),Album,2017,MPREb_uPrBwk5iOTV
Tony Rice,Guitar,Album,2005,MPREb_pUn0dupXPBx
Al Green,Greatest Hits,Album,1975,MPREb_Qfsgn7VFrM9
Pink Floyd,The Early Years 1970 DEVI/ATION,Album,2016,MPREb_Vu9F55pFTUb
Particle,Transformations Live For The People,Album,2006,MPREb_6GXxGZFE0wg
Sol Ho'opi'i,"Master Of The Hawaiian Guitar, Vol. 2",Album,1987,MPREb_Vk4vQIPwonY
múm,Sing Along To Songs You Don't Know,Album,2009,MPREb_Fq1JmAD9alJ
MUM,Liquid Life,Single,2019,MPREb_OU0uu3pwJGU
Stable Shakers,Low Key,Album,2020,MPREb_1O8yXmZsS2d
Samarabalouf,Nono Future,Album,2020,MPREb_mRDuYvNSC1a
Various Artists,Poney Jungle,Album,2020,MPREb_VjWp8h2cdiH
Gala Swing Quartet,Erreur Au Wagon-Bar,Album,2017,MPREb_tM1kk2G5fYD
John Hartford,Aereo-Plain,Album,1971,MPREb_Jv8djwDmdrk
Driftwood Company,The Windwagon Soundtrack,Album,2014,MPREb_ODXBKXjIZ3H
"Aaron Jonah Lewis, Ben Belcher","Live, Mostly",Album,2017,MPREb_enIK9AjbV5b
Aaron Jonah Lewis,"Mozart of the Banjo, the Joe Morley Project",Album,2020,MPREb_Wk7t9E8FWfD
John Hartford,Turn Your Radio On,Album,2020,MPREb_zZCulrUzZil
Sturgill Simpson,"Cuttin' Grass, Vol. 2 (Cowboy Arms Sessions)",Album,2020,MPREb_ZA9XjOyyfHA
The Country Side Of Harmonica Sam,"Broken Bottle, Broken Heart",Album,2019,MPREb_1wqtKoJm9oD
Donald Byrd,Ethiopian Knights,Album,1971,MPREb_V26a9bC8s2e
Soulive,Doin' Something,Album,2001,MPREb_0WeVGM5BYQM
"Doc Watson, Merle Watson",Doc Watson On Stage,Album,1971,MPREb_mklw0rzMAm2
The Heliocentrics,Telemetric Sounds,Album,2020,MPREb_3JKRe8PTK3N
corduroy,Blomster,Single,2020,MPREb_oYKWY6Aw25b
Various Artists,Tech House Minimal Vol. 1,Album,2017,MPREb_stprgVHIowI
Gordon Haskell,The Lady Want's To Know,Album,2004,MPREb_4KOMPTl39nN
Strung Like a Horse,WHOA!,Album,2020,MPREb_03BHpAowfl5
Ween,White Pepper,Album,2000,MPREb_nV0bkwibLeQ
Yusef Lateef,"Yusef Lateef Plays Yusef Lateef, Vol. 1",Album,2020,MPREb_L4ci55ngLs8
Beaux Arts Trio,Ravel: Piano Trio in A minor/Chausson: Piano Trio in G minor,Album,1984,MPREb_fli8MZ2evNp
The Olympians,The Olympians,Album,2016,MPREb_uIvIIC0SuA4
"Byron Berline, John Hickman",Double Trouble,Album,2006,MPREb_hJSqfiaztmt
"Byron Berline, Dan Crary, John Hickman",Chambergrass,Album,2006,MPREb_GHWsbEC11pU
Byron Berline,Outrageous,Album,1980,MPREb_IzCVdAIZw3C
"Alexander Rudin, Musica Viva",Dvořák: Cello Concerto in A Major & Serenade for Strings in E Major,Album,2013,MPREb_urRfzAaWiGl
Various Artists,"Ethiopiques, Vol. 10: Ethiopian Blues & Ballads",Album,2001,MPREb_Ld1Pmuv8N0W
"Flowering Inferno, Quantic",Dog With a Rope (Quantic Presenta Flowering Inferno),Album,1900,MPREb_QRpmBQYuvGD
Grateful Dead,"Truckin' (Live at the Capitol Theatre, Port Chester, NY, 2/18/71)",Single,1971,MPREb_Wt0SrH2FMZD
Trey Anastasio,Burn It Down (Live),Album,2020,MPREb_xOYKdEXwwen
LCD Soundsystem,45:33,Album,2006,MPREb_g79s38CRO65
Soul Sugar,Chase the Light,Album,2017,MPREb_wx2S8AyAc8o
Various Artists,The Pizza Tapes,Album,2000,MPREb_pzuCl4F9itP
Benny Yurco,You Are My Dreams,Album,2020,MPREb_cIneYcRpoe4
"David Grisman, Doc Watson",Doc & Dawg (Live @ Acoustic Stage 1997),Album,2018,MPREb_7mPJT7ZYla9
Pink Floyd,The Early Years 1972 Obfusc/ation,Album,2016,MPREb_78F93Z5iriE
Norman Blake,Whiskey Before Breakfast,Album,1976,MPREb_CKHxELzlK7O
Kokoroko,KOKOROKO,EP,2019,MPREb_stsv1Sowb6p
"Coki, Loefah",Disco Rekah,Single,2007,MPREb_P14P80tePOy
Chance McCoy and The Appalachian String Band,Debut,Album,2008,MPREb_AgXvfLmtnOx
"Leo Kottke, Mike Gordon",Noon,Album,2020,MPREb_iN6FOHw5KxN
Jon Hopkins,Singularity,Album,2018,MPREb_0PK1Uql7ufV
Lotus,Free Swim,Album,2020,MPREb_7lrUHZXaNoV
Duo Gadjo and their Hot Friends,Meet me in Paris,Album,2008,MPREb_C18ap4G7Y7q
John Hartford,"Backroads, Rivers & Memories: The Rare & Unreleased John Hartford",Album,2019,MPREb_e8uRuWnVEd8
Trey Anastasio,Lonely Trip,Album,2020,MPREb_U6CQlMzFCLc
Puss N Boots,Sister,Album,2020,MPREb_w2cXTwW7ide
Red Allen,Live and Let Live,Album,1979,MPREb_vDDTMvS4lLo
Yom,With Love (feat. The Wonder Rabbis),Album,2011,MPREb_d3GmFBlZC5w
Blair Crimmins and The Hookers,Sing-a-Longs,Album,2013,MPREb_zoFbEzED16c
Various Artists,"Ethiopiques, Vol. 8: Swinging Addis 1969-1974",Album,2000,MPREb_fyfmImSdtnM
Lettuce,Resonate,Album,2020,MPREb_iVpHpZWirgg
Shotgun Jazz Band,Don't Give Up the Ship,Album,2013,MPREb_6NVkr86L4Xc
"Clem Raymond, Dick Oxtot's Golden Age Jazz Band",The Lost Clarinet of Clem Raymond,Album,1993,MPREb_6eD1orW5Ky9
RJD2,The Fun Ones,Album,2020,MPREb_WI48FEOeEys
Phish,"LivePhish, Vol. 8 7/10/99 (E Centre, Camden, NJ)",Album,2009,MPREb_EIAvrltb3Hc
Darrell Scott,Darrell Scott Sings the Blues of Hank Williams,Album,2020,MPREb_HghHWVJzIBX
Kingzeek,"Now, Open Your Eyes",Album,2020,MPREb_JVksaTEc3ul
"Brad Mehldau, Chris Thile",Chris Thile & Brad Mehldau,Album,2017,MPREb_vUiEsCPs4xE
Amon Tobin,Chaos Theory,Album,2005,MPREb_UaBAL4IMz8V
The Langley Schools Music Project,Innocence and Despair,Album,2001,MPREb_lzcPbvfTvQn
John Hartford,Steam Powered Aereo-Takes,Album,2002,MPREb_v4g53vSAdqj
"Jack DeJohnette, John Medeski, John Scofield",Hudson (feat. Larry Grenadier & Hudson),Album,2017,MPREb_3ycVSlokH20
Nicola Cruz,Prender el Alma,Album,2015,MPREb_OrEj3TLp510
Various Artists,Ultra-Lounge: Bongoland,Album,1998,MPREb_mJ7XK9YTh19
Phish,Sigma Oasis,Album,2020,MPREb_NAiangD1LLA
The Disco Biscuits,"Steele's Reels, Vol. 3: 2-6-2016 (The Fillmore, Philadelphia, PA)",Album,2017,MPREb_0nYYuEt4wMZ
Reggie Moore,Furioso,Album,2018,MPREb_zfQ3tPEz5jS
Punch Brothers,All Ashore,Album,2018,MPREb_wf77umO5c2g
The Temptations,Psychedelic Soul,Album,2003,MPREb_rBUxeirhpEg
Grateful Dead,"Road Trips Vol. 3 No. 1: Oakland Auditorium Arena, Oakland, CA 12/28/79 (Live)",Album,2009,MPREb_UT1e8fW0Jxw
Various Artists,Classic Southern Gospel from Smithsonian Folkways,Album,2005,MPREb_stG2cQk1XEv
Townes Van Zandt,"High, Low And In Between",Album,1971,MPREb_s1nWPCW6JJf
Grateful Dead,Complete Studio Albums Collection,Album,2014,MPREb_DzzQEgb5eJC
Phish,"Live Phish: 10/30/10, Boardwalk Hall, Atlantic City, NJ",Album,2011,MPREb_reqQ3Ynh5IZ
Grant Green,Goin' West,Album,2004,MPREb_UcjNe4JZHUk
Sister Rosetta Tharpe,"The Decca Singles, Vol. 1",Album,2019,MPREb_WPzNTsZH0T3
Sister Rosetta Tharpe,"The Decca Singles, Vol. 5",Album,2019,MPREb_KEzStrQ4mrz
The Oak Ridge Boys,Early Gospel Recordings,Album,2015,MPREb_FeI7wVsh5ao
Bonobo,The North Borders,Album,2013,MPREb_QGrrd7Ht3FP
Various Artists,Natural High: The Bongo Man Collection,Album,2018,MPREb_nNyrylYOTnX
Los Destellos,Sicodélicos,Album,2019,MPREb_IQNR1tdkrfY
The Heliocentrics,Infinity Of Now,Album,2020,MPREb_dEaJ2k9bAzY
The Tony Rice Unit,Manzanita,Album,1979,MPREb_UR6n0E1wuOn
Andrew Marlin,Buried In a Cape,Album,2018,MPREb_3X0hlpAi43X
Donald Byrd,Street Lady,Album,1973,MPREb_u8UQV0JS90R
The Three Suns,"1949 - 1953, Vol. 2",Album,2015,MPREb_FE0RhkN5ijd
Caleb Klauder & Reeb Willms,Innocent Road,Album,2016,MPREb_fJ3N6TGqR99
The Beatles,Sgt. Pepper's Lonely Hearts Club Band,Album,1967,MPREb_MlGHASFrLIn
Gasper Nali,Zoona Malawi,EP,2018,MPREb_isV9IkOWuro
Jeremy Garrett,Circles,Album,2020,MPREb_mGKwMFw80Cp
Tony Rice,Cold On The Shoulder,Album,1984,MPREb_cnDHS5I0r9F
Khruangbin,Hasta El Cielo (Con Todo El Mundo In Dub),Album,2019,MPREb_W6dGslTg2Yg
Jimmy McGriff,Black Pearl (Live),Album,1971,MPREb_wAvhTQuHGxt
Mulatu Astatke / The Heliocentrics,Inspiration Information 3,Album,2009,MPREb_5iHBKk11Imk
The Heliocentrics,Out There,Album,2007,MPREb_8GtT72Ak0jz
The Amazing Rhythm Aces,Stacked Deck (),Album,1975,MPREb_0dPM1KHU9Oe
Nicola Cruz,Siku Reworks,Album,2019,MPREb_K1dYf0CDreq
Various Artists,"Soulshaker, Vol. 4",Album,2007,MPREb_VNne4kW2mL3
Various Artists,Daptone Gold,Album,2009,MPREb_UkZTL0vI2Cc
T. P. Orchestre Poly-Rythmo,The Kings of Benin Urban Groove 1972-80,Album,2004,MPREb_9KQs4Snor6s
Hawktail,Formations,Album,2020,MPREb_kSzVntDsV8H
"André Ceccarelli, Diego Imbert, Enrico Pieranunzi",Monsieur Claude (A Travel with Claude Debussy),Album,2018,MPREb_W6fXTENtZny
"Michel Dalberto, Marius Constant & Ensemble Ars Nova","Satie : Cinéma, Sonnerie & Vexations (- Apex)",Album,2007,MPREb_XHu3kyqJbRW
"Booker T. & the M.G.'s, Otis Redding, The Mar-Keys",Live at the Monterey International Pop Festival,Album,2019,MPREb_cum6U04M3pI
Fats Waller,Ain't Misbehavin,Album,2014,MPREb_UqqAvDcDrNV
"Heribert Esser, Wiener Symphoniker",Paganini: Concertos for Violin and Orchestra Nos. 1 & 2,Album,1990,MPREb_9CDgjL3YBHV
Justice,Access All Arenas,Album,2013,MPREb_nnrrKBnjB16
Sharon Jones & The Dap-Kings,It's a Holiday Soul Party,Album,2015,MPREb_i2FHc9Z0NU5
Robert Barto,"Weiss: Lute Sonatas, Vol. 11",Album,2012,MPREb_bteEYqSactO
Pneumoniker,Short Stories,Album,2016,MPREb_Km61SICzceL
Lula Wiles,It's Cool,Single,2019,MPREb_QwqQZBiApWM
Woody Herman,Giant Steps,Album,1973,MPREb_p1eYgBL3PmJ
Pink Floyd,A Saucerful of Secrets,Album,1968,MPREb_nFilxkztvZG
Pink Floyd,More,Album,1969,MPREb_jSqUSP8fEjQ
Dean Martin,French Style,Album,2014,MPREb_zIWzTbju3cQ
Trio In Uno,Ipê,Album,2019,MPREb_dBxm3VLkyxw
Various Artists,Bach 333: Bach à la Jazz,Album,2018,MPREb_2WrGMzOvmFB
Robert Barto,"Weiss, S.L.: Lute Sonatas, Vol.  8  - Nos. 19, 34, 36",Album,2007,MPREb_uoHTGiN5WOq
The X-Misses,Christmas Reminiscences,Album,2018,MPREb_kGFl4JdysEI
Fugazi,13 Songs,Album,1989,MPREb_W9EVYTHez1o
Tommy Guerrero,Soul Food Taqueria,Album,2002,MPREb_jn2cTe2Zfjr
George Carlin,It's Bad For Ya,Album,2008,MPREb_gfnfGshDW7Y
George Carlin,Complaints & Grievances,Album,2001,MPREb_DaQ4fRbvJo8
Zion80,Warriors,Album,2017,MPREb_pRfDG3Fh3B5
David Grisman,The Dawg Trio,Album,2019,MPREb_RW6QdS0QbB7
Billy Strings,Home,Album,2019,MPREb_HfagDzjvzrC
Victor Furtado,Dellorto Island,Album,2018,MPREb_ypnzJBQZhWQ
Victor Furtado,Victor Furtado,Album,2014,MPREb_b39LOQvZOXs
Bluegrass Reunion,Bluegrass Reunion,Album,1992,MPREb_1K4oqmftDWb
Pierre Vassiliu,Qui C'Est Celui-La,Album,1998,MPREb_suxkqP3IfSq
David Grisman Trio,FolkJazz,Album,2012,MPREb_ZOTfGij4HEw
Tyler Childers,Country Squire,Album,2019,MPREb_HkphBbsBwg0
Luiz Bonfa,Solo in Rio 1959,Album,1959,MPREb_qBHi6XmTQH3
Various Artists,Brasil Tour Vol. 2,Album,2018,MPREb_3N4EUnL2d74
Sergio Mendes & Brasil '66,Foursider,Album,1972,MPREb_YQxdK2pdfey
Mike Gordon,The Green Sparrow,Album,2008,MPREb_qiPbMFdycoq
Charlie Byrd,Bossa Nova Pelos Passaros,Album,1992,MPREb_ZoIQxeMVMrE
Charlie Byrd,The Best of Charlie Byrd,Album,2013,MPREb_W9ZDFWDFIVQ
Grateful Dead,Europe '72 Vol. 2,Album,2011,MPREb_hR2JcE74beo
Pokey LaFarge,Riverboat Soul,Album,2010,MPREb_6s92jZ2oDmR
Studio Group,Barbershop Quartet Favorites,Album,2006,MPREb_BR2HK73YuLw
Lula Wiles,What Will We Do,Album,2019,MPREb_pk7Z3m410y0
Che Apalache,Latin Grass,Album,2017,MPREb_3ShhGa7he71
The Louvin Brothers,Weapon Of Prayer,Album,1962,MPREb_c8OS4EhIzu4
"Brownie McGhee, Coyal McMahan, Sonny Terry",Get on Board: Negro Folksongs by the Folkmasters,Album,1952,MPREb_dJyn59wQirY
Sonny Terry,"When He Shines, Vol. 3",Album,2008,MPREb_vPoSvfPkpm8
Bee Gees,Bee Gees 1st (Deluxe Version),Album,2006,MPREb_f7CZHE1INbP
Phish,LivePhish 04/05/98,Album,2005,MPREb_zHuSL3AWfWi
Phish,LivePhish 04/03/98,Album,2005,MPREb_8qhyQ00kwIB
Old Hack and Friends,Fossil Fool,Album,2009,MPREb_8ycAnChH9Hb
Phish,"LivePhish 2/28/03 (Nassau Coliseum, Uniondale, NY)",Album,2003,MPREb_kJHpr0LWNWJ
David Grisman,Dawg Plays Big Mon,Album,2012,MPREb_wKDUynVL77P
Phish,"PHISH: 11/22/94 Jesse Auditorium- University of Missouri, Columbia, MO (Live)",Album,2016,MPREb_poAECegfTJg
Fireside Collective,Life Between the Lines,Album,2017,MPREb_VkAvbiAc30V
The Little Willies,For The Good Times,Album,2012,MPREb_IhcW8Gqww0G
Jacques Loussier Trio,Play Bach (Les éternels - Classic songs),Album,1959,MPREb_cpmdG253szh
Bill Keith,Beating Around The Bush,Album,2006,MPREb_ZfDNohr4LJe
Jackson 5,Greatest Hits,Album,1971,MPREb_oFFeRrOj8BE
Blind Blake,Ragtime Guitar's Foremost Fingerpicker,Album,1990,MPREb_RROWi7w53Kb
Django Reinhardt,Quintette Du Hot Club De France,Album,1989,MPREb_NdugAzGGuja
Oscar Aleman,Swing Guitar Masterpieces,Album,1998,MPREb_VO8ZEzP8tDA
Tommy Guerrero,Perpetual,Album,2015,MPREb_2XJLkrg1MFu
Tommy Guerrero,Road to Knowhere,Album,2018,MPREb_YiGAksT8rwH
Filastine & Nova,Drapetomania,Album,2017,MPREb_HshENAE5XpF
Kaiju,Hunter / Snagglepuss,Single,2013,MPREb_t86lU8ulQgH
Saule & D-Operation Drop,Gorilla Glue EP,Single,2018,MPREb_OD41lRnVobn
Various Artists,Verve Remixed 2,Album,2003,MPREb_va7PSAYiPHd
Toubab Krewe,Stylo,Album,2018,MPREb_czSBFhpspvR
Karl Hector & The Malcouns,Sahara Swing,Album,2008,MPREb_DVcw2WezVlR
The Beatles,Abbey Road,Album,1969,MPREb_pyQa1mky9hE
The Beatles,Let It Be... Naked,Album,2013,MPREb_iyIYjrpW82c
Cedric Im Brooks & the Light of Saba,The Magical Light of Saba,Album,2003,MPREb_x644Jom0079
"Jethro Burns, Tiny Moore",Back To Back,Album,1979,MPREb_aK7TaFJllyj
Phish,Kasvot Växt: í rokk (Live),Album,2018,MPREb_auArdYm2HIF
Merle Haggard,20 #1 Hits,Album,2010,MPREb_uTOGATsHZ5N
Hawktail,Unless,Album,2018,MPREb_qiv5XqrD7U6
Hank Pattie & the Current,Hold Your Head up High,Album,2017,MPREb_48LmPIjxtSY
Various Artists,Ninja Tune XX (Volume 2),Album,2010,MPREb_s4nxJftFPgo
Marcel Dadi,"La guitare à Dadi, vol.2",Album,2014,MPREb_IGssidiXnKl
Various Artists,"Western Swing Classics, Vol. 4",Album,2012,MPREb_jLdTDkBT3m2
"Goodnight, Texas",Conductor,Album,2018,MPREb_veYENxZgyoQ
Dom Flemons,Black Cowboys,Album,2018,MPREb_WwRunDxa7M1
Hubby Jenkins,Hubby Jenkins,Album,2016,MPREb_wcwprze9net
Bill and the Belles,"DreamSongs, Etc.",Album,2018,MPREb_1GhPM4ynLw7
Randy Howard,I Rest My Case,Album,2006,MPREb_JF8BJLcw6UO
Chicha Libre,Sonido Amazonico,Album,2008,MPREb_9TTA29FOnOx
Pete's Posse,The Conversation,Album,2017,MPREb_ApHBEPwh5Fe
Slim Whitman,Vintage Collections,Album,1996,MPREb_KNtTMQtJdHu
Casey Driessen,3D,Album,2006,MPREb_yWImshHRzlN
Santana,Rare Santana Live,Album,2010,MPREb_cQgoCcjiRN0
A Tribe Called Quest,Midnight Marauders,Album,1993,MPREb_Pv7g0gDnrBT
Helena Hauff,Qualm,Album,2018,MPREb_cVkUzIIe5OM
Little Feat,Waiting for Columbus (Live Version; Deluxe Edition),Album,1978,MPREb_PPMgzwAGNxB
The Travelin' McCourys,The Travelin' Mccourys,Album,2017,MPREb_yTri4biUfwu
The Plate Scrapers,Dishes,EP,2017,MPREb_NoOPpBxu1AQ
The Plate Scrapers,Contact,Album,2015,MPREb_MpnNwg9vdwa
Gabor Szabo,1969,Album,1969,MPREb_gj5kl3xWKyp
Gábor Szabó,High Contrast,Album,1970,MPREb_nxh3UbeNCNd
Gabor Szabo,Dreams,Album,1968,MPREb_GwpG1hqF1Jq
Jerry Oliver,The Wood and the Spark,Album,2016,MPREb_0AbOpfJjHAz
Jerry Oliver,Believe,Album,2015,MPREb_H0erwjNPk0F
Marconi Union,Ghost Stations,EP,2016,MPREb_zgshlLOQx6O
"Max D, Maxmillion Dunbar",House of Woo,Album,2013,MPREb_afmP4ja8Cs4
Orquesta Akokán,Orquesta Akokán,Album,2018,MPREb_MsfIB2o8eh0
Mulatu Astatke,Ethio Jazz Vol. 1,Album,2006,MPREb_XwoOwBwpeNN
WITCH,Witch: We Intend to Cause Havoc!,Album,2011,MPREb_3kgT9l5NBX0
Booboo'zzz All Stars,"Studio Reggae Bash, Vol. 2",Album,2018,MPREb_XnGK3IZ3qIL
Booboo'zzz All Stars,Studio Reggae Bash,Album,2017,MPREb_q5TZnCRz5Nn
Groundation,Each One Dub One,Album,2018,MPREb_gIpsHO28PcP
Groundation,Each One Teach One (Remixed & Remastered) (feat. Ras Michael & Marcia Higgs),Album,2018,MPREb_uu7CFkNQ11E
Phish,Phish: Alpine Valley 2010,Album,2010,MPREb_bzIMRXgwQy7
Mop Mop,Isle Of Magic,Album,2013,MPREb_0gC7WLcLd9J
TAUK,Shapeshifter I: Construct,EP,2018,MPREb_Tl5FPsCfinf
Aubrey Haynie,Doin' My Time,Album,2006,MPREb_zvn0okvd2fb
Roy Smeck,Roy Smeck Plays Hawaiian Guitar,Album,2005,MPREb_KAp6Q8mzmOC
Palm Skin Productions,Fall Away EP,EP,2008,MPREb_OMqZUXPAvvQ
Clogs,Lantern,Album,2006,MPREb_z5B2RQKaqer
Silje Nes,Ames Room,Album,2007,MPREb_JT6IJuRv0bA
Four Tet,New Energy,Album,2017,MPREb_YJnz7wBBmwa
©© les Freres Smith,Free to Go,Album,2015,MPREb_IsBPU2EMiJs
Various Artists,"Music from the South, Vol. 7: Elder Songsters, 2",Album,1956,MPREb_A6niggXqz8M
"Linda McCartney, Paul McCartney",RAM,Album,1971,MPREb_sxpZZHEgmBa
Stefan Grossman,Black Melodies On A Clear Afternoon,Album,1975,MPREb_jcPIOlE1NXu
Ry Cooder,Jazz,Album,1978,MPREb_bfI62pxsoKf
Del Rey,Four and Six,Album,2012,MPREb_6sCT6RDt1Xa
Lonnie Donegan,Lonnie Live! Rare Tapes from the Late Sixties,Album,2008,MPREb_iRWjq3nv5kP
Various Artists,"Western Swing Classics, Vol. 2",Album,2012,MPREb_n4t0wMkPztq
Renato Carosone,Canta Napoli,Album,2010,MPREb_JNSCEA4gA0Z
Dinah Shore,16 Most Requested Songs,Album,1991,MPREb_ZuygjHwXnnz
Pokey LaFarge,Middle of Everywhere,Album,2011,MPREb_dgvv2C2nL3d
Jr Thomas & The Volcanos,Beware,Album,2015,MPREb_1JhmxkghbIL
John Prine,The Singing Mailman Delivers,Album,2011,MPREb_drTZHl80SkN
DJ Vadim,Dubcatcher - Instrumentals,Album,2014,MPREb_yTOFFZB51r7
Nitin Sawhney,Beyond Skin,Album,1999,MPREb_vjrUgtsue45
Grateful Dead,"Dick's Picks Vol. 34: Community War Memorial, Rochester, NY 11/5/77 (Live)",Album,2009,MPREb_a1ebkTzakNc
The Natural Yogurt Band,The 13 Moons of Neptune / Satelites,Single,2017,MPREb_Y3pgfKG6THo
22-Pistepirkko,Big Lupu,Album,1992,MPREb_NeH7LkWvI7a
Ali Kuru,Egzotik,Album,2017,MPREb_W87ucdhkGTv
Nicola Cruz,Espiritu,Single,2017,MPREb_S1gDX9vPPF7
Various Artists,A Tribute To John Hartford (Live From Mountain Stage),Album,2018,MPREb_EurdCJdAePZ
Vulfpeck,Fugue State,EP,2014,MPREb_DaB7xBIAKCO
LCD Soundsystem,LCD Soundsystem,Album,2005,MPREb_QmAHMGCWTIf
Sons of Pitches,Sons of Pitches,Album,2016,MPREb_QFXHOiucqa7
Willie Watson,"Folksinger, Vol. 2",Album,2017,MPREb_XawcOsWss8Z
Various Artists,100 Vintage Hawaiian Songs,Album,2012,MPREb_Eg94H8Vr9cN
Bill Frisell,Nashville,Album,1997,MPREb_ZwaoADfeNgM
"David Grisman, Doc Watson",Doc & Dawg,Album,1997,MPREb_hCkNptkIyaY
Perez Prado,"The Perez Prado Collection, Vol. 3",Album,2011,MPREb_WkMEqOWztHQ
Perez Prado,My Roberta,Album,2009,MPREb_tNSXLzQOgtP
Biosphere,Shenzhou,Album,2017,MPREb_sISWClBKuNX
Biosphere,The Petrified Forest,EP,2017,MPREb_ohazNj85ZYC
Air,Moon Safari,Album,1998,MPREb_n2c7cMLeLVP
David Raksin,Classic Film Scores: Laura/Forever Amber/The Bad and the Beautiful,Album,2011,MPREb_iECn7yRp7jk
Bill Mullarky,Pop Cliches,Album,2017,MPREb_Pe8vlouqL2h
Bill Mullarky,Mando Tambo Mellow Banjo,Album,2016,MPREb_KoAAl8N7NYY
10 Ft. Ganja Plant,10 Deadly Shots Vol. III,Album,2014,MPREb_SlpdsD7TinC
Rémi Panossian Trio,Morning Smile,Album,2017,MPREb_rGYhG0tYibN
"Antonio Vivaldi, The English Concert, Trevor Pinnock",Vivaldi: Concertos,Album,2001,MPREb_Mdbfgy7zADX
Billy Strings,Turmoil & Tinfoil,Album,2017,MPREb_W5uhPhlKugm
Ethan Larsh,Ethan Larsh Breaks Hearts,Album,2017,MPREb_bAYzrJbxxJX
Causa Sui,Return to Sky,Album,2016,MPREb_E9V7X5yGxOZ
Causa Sui,Vibraciones Doradas,Album,2017,MPREb_g8zDwnpOxID
Phish,LivePhish 11/14/95,Album,2015,MPREb_7pQxkLYObGd
Lefty Frizzell,The One and Only Lefty Frizzell,Album,1959,MPREb_4e3qtzvrsjU
Keith Jarrett,J. S. Bach: The French Suites,Album,1993,MPREb_IKI7e6S07Hv
Various Artists,The Best of Trojan Classic Reggae Vol. 1,Album,2015,MPREb_FcO7pvcXykV
The Hot Seats,Live!,Album,2011,MPREb_yt4tdknjORa
Wu-Tang,The Saga Continues,Album,2017,MPREb_03OeISChz9B
Gene Autry,Back in the Saddle Again,Album,2008,MPREb_mMjaZFQOyE3
Nick Drake,Digital Box Set,Album,2010,MPREb_VanRxh1JM3I
Bill and the Belles,Swallowtail Coat the Cylinder Recordings,Album,2017,MPREb_py2638jea9b
Daft Punk,Homework,Album,1996,MPREb_dMHztPsrDgN
Diazpora,Islands,Album,2017,MPREb_lyIMNwDpEuj
Mocky,Key Change,Album,2015,MPREb_jP27C5Atugk
Armel Dupas,Upriver,Album,2015,MPREb_1ApqQkF18iP
Beno,Beat Heaven,Album,2015,MPREb_vlJa6ORqlgG
Various Artists,Droppin' Science,Album,2008,MPREb_81QQDOG3FCn
Michel Haumont,Héritage,Album,2014,MPREb_3EDUVDGZ8MX
Bonobo,Recurring - The Live Sessions EP,EP,2005,MPREb_j4i8sCEc7db
"Cut Chemist, Keb Darge",Keb Darge & Cut Chemist Present the Dark Side: 28 Sixties Garage Punk and Psyche Monsters,Album,2017,MPREb_WeuTveZIt9z
The Down Hill Strugglers,Home Recordings: Vol. 1,Album,2013,MPREb_OrUdIV3Lr70
Corn Potato String Band,Good Job Everybody,Album,2016,MPREb_B4NtT8rgzrG
Hot 8 Brass Band,On the Spot,Album,2017,MPREb_zoOSukNslhi
Porter Wagoner,The Thin Man from West Plains,Album,2015,MPREb_QbKyTl7dsRy
Corn Potato String Band,Corn Potato String Band,Album,2014,MPREb_bGjV2pH8aC6
Corn Potato String Band,"Corn Potato String Band, Vol. Two",Album,2015,MPREb_74XheOlcwWd
Corn Potato String Band,Put on Your Old Grey Bonnet,Album,2016,MPREb_2ysddrx1uyu
Chris Pandolfi,Looking Glass,Album,2009,MPREb_0wcM4GI9DVR
Avi Avital,Bach,Album,2012,MPREb_5Mv6dOy24JA
Avi Avital,Vivaldi,Album,2015,MPREb_plGxZ2DMeSk
Avi Avital,Between Worlds,Album,2014,MPREb_Gdm9o2MR8tn
Various Artists,Latin Boogaloo Holy Grail 45,Single,2014,MPREb_m8GkhTBayzu
Dub Colossus,A Town Called Addis,Album,2008,MPREb_x6JxeWHEywB
Grateful Dead,Cornell 5/8/77 (Live),Album,2017,MPREb_0zkTiw03V77
Ondatrópica,Ondatrópica,Album,2012,MPREb_cOhPzYyxNA5
Dengue Fever Presents,Dengue Fever presents Electric Cambodia,Album,2010,MPREb_9vPyGvuadMq
Man About a Horse,Man About a Horse,Album,2017,MPREb_QQBzTog7ocI
John Scofield,That's What I Say,Album,2005,MPREb_sTPGF9icRfg
Chicha Libre,Canibalismo,Album,2012,MPREb_1IZvycE8Swo
El Michels Affair,Return To The 37th Chamber,Album,2017,MPREb_qkbubO5m0SN
Beso Negro,Burn It Down,Album,2013,MPREb_tcooTdKzxBT
Jazz Is Phsh,He Never Spoke a Word,Album,2017,MPREb_63jCitt0gRL
"Chris Thile, Edgar Meyer, J.S. Bach, Yo-Yo Ma",Bach Trios,Album,2017,MPREb_3XQkcIYiA9C
Ned Luberecki,Take Five,Album,2017,MPREb_slSTi1hW9iw
Tchavolo Schmitt Quartet,Mélancolies d'un soir,Album,2014,MPREb_qWcsnqvlZaU
Julian Lage & Chris Eldridge,Mount Royal,Album,2017,MPREb_We9vjzhGRxF
Noam Pikelny,Universal Favorite,Album,2017,MPREb_PtGAJkFqhN1
Various Artists,The Best of Trojan Soul Reggae Vol. 1,Album,2015,MPREb_GLTYv6Uthpp
Various Artists,The Best of Trojan Reggae Vol. 1,Album,2015,MPREb_KgkrTThJvz7
"Lee ""Scratch"" Perry",Trojan Classics,Album,2014,MPREb_RBKQN8V3XDy
Desmond Dekker,Trojan Classics,Album,2014,MPREb_XFtmuENwjHI
David Wax Museum,Guesthouse,Album,2015,MPREb_Qal0OpGrw3N
David Wax Museum,Everything Is Saved,Album,2011,MPREb_NRSlaj1Ajuh
The Infamous Stringdusters,Laws Of Gravity,Album,2017,MPREb_YBpf3Q1Cu4Q
Shulman,Endless Rhythms of the Beatless Heart,Album,,MPREb_aqcr64Rp1e6
Wings That Buzz,Every Pretty Thing,Album,2016,MPREb_Q6nA9SAyG6H
RJD2,Magnificent City Instrumentals,Album,2008,MPREb_k4TnzZ3YfTG
Belleruche,Turntable Soul Music,Album,2007,MPREb_tUzkYvBjIkq
Strength In Numbers,Telluride Sessions,Album,1989,MPREb_klBZ6SJCAKo
Various Artists,"Nostalgia 77's One Offs, Remixes & B-sides",Album,2009,MPREb_hsM8BMafDjx
Pink Floyd,The Early Years 1967-1972 Cre/ation,Album,2016,MPREb_P1huCR7WQEK
Wood & Wire,"The Woodshed Sessions, Vol. 1",EP,2014,MPREb_cCpQHxEoxNW
Wood & Wire,The Coast,Album,2015,MPREb_OU2eJiNyOWW
Pert Near Sandstone,Discovery of Honey,Album,2016,MPREb_RPnHlWAGlnk
Poldoore,Street Bangerz Volume 6: Playhouse,Album,2012,MPREb_wiWwEeTJRGA
Akshin Alizadeh,Sicilian Message,Album,2012,MPREb_4upPp3w3BsE
Akshin Alizadeh,Street Bangerz Volume 8,Album,2014,MPREb_bSueN0y0eE4
The Floozies,Do Your Thing,Album,2015,MPREb_jmOWwxsBWez
Galt MacDermot,The Nucleus,Album,2014,MPREb_kVgD9Juebx9
Michna,Magic Monday,Album,2008,MPREb_LHfxcf0EKEb
Tycho,Epoch,Album,2016,MPREb_wnQ3HWTzITq
Vulfpeck,The Beautiful Game,Album,2016,MPREb_S1uKhZPd75w
GRiZ,Good Will Prevail,Album,2016,MPREb_1LrxuMF6M6x
"Norman Blake, Tony Rice",Norman Blake & Tony Rice 2,Album,1990,MPREb_U3ID46kylLV
"Norman Blake, Tony Rice",Blake & Rice,Album,1987,MPREb_gh2NsiBXYOH
Bob Marley & The Wailers,Kaya - Deluxe Edition,Album,1978,MPREb_D7HswpXK5Qv
El Michels Affair,Loose Change,Album,2016,MPREb_piduMt65AD4
Cricket Tell the Weather,Tell the Story Right,Album,2016,MPREb_SHG7y2QY2YU
Various Artists,Soul Jazz Records Presents Venezuela 70: Cosmic Visions of a Latin American Earth: Venezuelan Experimental Rock in the 1970S,Album,2016,MPREb_epIkUdlOLrr
Vulfpeck,Thrill of the Arts,Album,2015,MPREb_XIEDgRSggXs
"Hot Club de Norvège, Jimmy Rosenberg",Django's Tiger (feat. Andreas Öberg),Album,2003,MPREb_MwFBWuoMAzn
Wood & Wire,Live at the Historic Scoot Inn,Album,2016,MPREb_PZEuClVGS68
Hot Club of San Francisco,Yerba Buena Bounce,Album,2012,MPREb_FFueGnFj99y
Karl Hector & The Malcouns,Can't Stand the Pressure,Album,2015,MPREb_cW1R0Uz4Nuy
Blitzen Trapper,All Across This Land,Album,2015,MPREb_zEBbYW5r0FM
RJD2,Since We Last Spoke: Deluxe,Album,2009,MPREb_lokRPpqPjQF
Del McCoury Band,Del & Woody,Album,2016,MPREb_fueI1PGLGh4
Csókolom,May I Kiss Your Hand,Album,1998,MPREb_q31UwvIrTD9
"Up, Bustle & Out","Light 'Em Up, Blow 'Em Out",Album,1997,MPREb_3cqBsJi2I3W
Union Specific,Diesel Engines and Kerosene Visions,Album,2013,MPREb_eS39lnmBZXs
Union Specific,Howlin' Room,Album,2015,MPREb_TFktYpnRlcg
Phish,Live at Madison Square Garden New Year's Eve 1995,Album,2005,MPREb_aeO9y1KXnnq
The New Mastersounds,Live in San Francisco,Album,2009,MPREb_8BbA6fYXOke
"Fennesz, King Midas Sound",Edition 1,Album,2015,MPREb_qr1XbbVXUdJ
The Lil Smokies,The Lil Smokies,Album,2013,MPREb_3PEu4Brs8sn
Tosca,Dehli 9,Album,2003,MPREb_yQsOqC9gzlI
General Elektriks,Good City For Dreamers,Album,2009,MPREb_V8E3lm3tdmc
Cabinet,This Is Cabinet: Set 2,Album,2013,MPREb_j1QLH1bLTF9
Joseph Spence,"Joseph Spence: The Complete Folkways Recordings, 1958",Album,1992,MPREb_WmfwK2BRVrx
Punch Brothers,The Wireless,EP,2015,MPREb_GZ0ZPVcViH1
Roaring Lion,Calypso Island Greats Of The 1930s,Album,2011,MPREb_n5boeu1PQlT
El Michels Affair,Enter The 37th Chamber,Album,2009,MPREb_WaW9sNFB7rz
The Holy Modal Rounders,Good Taste Is Timeless,Album,1971,MPREb_tK0kPY5FYoh
DJ Vadim,Dubcatcher,Album,2014,MPREb_6jrrmgWnrF3
The Herbaliser,Herbal Tonic (Best Of),Album,2010,MPREb_PueJCnRRnAV
Eskmo,Eskmo,Album,2010,MPREb_UBPluywq9rn
Wagon Christ,Toomorrow,Album,2011,MPREb_F7RTyReplGM
DJ Yoda Presents: Breakfast Of Champions,DJ Yoda Presents: Breakfast of Champions,Album,2015,MPREb_PfWBnCUDIUZ
DJ Yoda,How To Cut and Paste- The Thirties Edition,Album,2009,MPREb_ED0yb8eI1rK
Chris Thile,How To Grow A Woman From The Ground,Album,2006,MPREb_dX8ZraWdeDO
Marian Hill,Sway,Album,2015,MPREb_AXbNQy8EPPA
GRiZ,Say It Loud,Album,2015,MPREb_BN8NE1WM8yu
Hot Club of Philadelphia,Wrap Your Troubles in Dreams,Album,2010,MPREb_EG5FJVY0xQ0
Tony Rice,Tony Rice,Album,1977,MPREb_HI3eroLvOya
Pokey LaFarge,Something In The Water,Album,2015,MPREb_aixxQSckr7D
Taarka,Making Tracks Home,Album,2015,MPREb_BwNl0oIoKlI
"Andy Statman, David Grisman",Songs Of Our Fathers,Album,1995,MPREb_pYvKAPTKoHd
Paul Simon,Paul Simon,Album,1972,MPREb_IppigD42eGq
Punch Brothers,The Phosphorescent Blues,Album,2015,MPREb_tCcZZXVxB1D
Crooked Still,Crooked Still (Live),Album,2009,MPREb_zLhSdbY119N
Kalob Griffin Band,June Found a Gun,Album,2012,MPREb_xwx9AIq0FAD
Taarka,Adventures in Vagabondia,Album,2013,MPREb_OhBE8r2ny6x
Ween,Chocolate and Cheese,Album,1994,MPREb_GXXcCK1w1xo
Chatham County Line,Tightrope,Album,2014,MPREb_CG5WgfrxrbS
Johnny Cash,The Christmas Spirit,Album,1963,MPREb_VjFZgdLE7p2
Phish,"LivePhish, Vol. 4 6/14/00 (Drum Logos, Fukuoka, Japan)",Album,2001,MPREb_RbpFHrzdeZL
The Touré-Raichel Collective,The Tel Aviv Session (feat. Idan Raichel & Vieux Farka Touré),Album,2012,MPREb_kKKcsgt5EgZ
"Grisman,Rice,Greene,Keith,Phillips",Live in Japan 76,Album,2010,MPREb_lMcnA0q422Z
Treva Whateva,Music's Made Of Memories,Album,2005,MPREb_GIpggBA2dU5
Mr. Scruff,Ninja Tuna,Album,2008,MPREb_xk2MrymZlTw
"Big Lazy, Stephen Ulrich",Postcards from X,Album,2007,MPREb_m5mlsQR4wJW
Grateful Dead,Complete Live Rarities Collection,Album,2013,MPREb_xiQv7mWH9UJ
Julian Lage & Chris Eldridge,Avalon,Album,2014,MPREb_EvtMmDSlGMj
The Appleseed Collective,Young Love,Album,2014,MPREb_pdropRcFKaT
The Devil Makes Three,Do Wrong Right,Album,2009,MPREb_vLctQAmVC6B
Vitamin String Quartet,VSQ Performs Phish,Album,2004,MPREb_e1o6W0w9ogD
"Abigail Washburn, Béla Fleck",Béla Fleck & Abigail Washburn,Album,2014,MPREb_BGRerah6Cci
"Kenneth ""Jethro"" Burns",Bye Bye Blues,Album,1997,MPREb_c6fLAnGvFQi
Punch Brothers,Ahoy!,EP,2012,MPREb_ANkFOx1JGyG
Scott Bradlee's Postmodern Jukebox,Historical Misappropriation,Album,2014,MPREb_KlH6m6Soyju
Sam Bush,Ice Caps: Peaks Of Telluride,Album,2000,MPREb_4x9VXptDWfQ
"David Grisman, Del McCoury",Del & Dawg,Album,2012,MPREb_zG99nigcPwS
Blind Willie McTell,The Ultimate Collection,Album,2009,MPREb_7jPUvuBgzyY
Tim O'Brien,Red On Blonde,Album,2006,MPREb_Y5GvSsuErqb
Phutureprimitive,Searching for Beauty in the Darkest Places Pt. 1,EP,2013,MPREb_hudJ9XBSluY
Doc Watson,Old Timey Concert,Album,1967,MPREb_c5gltcxuc3f
Blind Boy Paxton,Dirtiest Little Darling / Railroad Bill,Single,2012,MPREb_gfXdVt7P9tW
Rising Appalachia,Filthy Dirty South,Album,2012,MPREb_kzYhzu4iAuX
Penguin Cafe Orchestra,"Preludes, Airs And Yodels (A Penguin Cafe Primer)",Album,1996,MPREb_JwrFKir1ChS
Django Django,Django Django,Album,2012,MPREb_IvNyENnVpWg
Phish,Fuego,Album,2014,MPREb_bH07aJ35GFk
Tony Rice,The Bill Monroe Collection,Album,2012,MPREb_KG9NXdxvaI6
Kruger Brothers,Remembering Doc Watson,Album,2013,MPREb_l5GZ0KpB8rH
Cedric Watson et Bijou Créole,Creole Moon: Live from the Blue Moon Saloon,Album,2010,MPREb_gCzgiYpcZ9c
Phish,"LivePhish, Vol. 3 9/14/00 (Darien Lake Peforming Arts Center, Darien Center, NY)",Album,2001,MPREb_jj8mztnezuF
The TurtleDuhks,True Lover,Album,2007,MPREb_4HoraMX5Pkd
Chris Thile,"Bach: Sonatas and Partitas, Vol. 1",Album,2013,MPREb_mQfDYbTZ2jj
Phish,"Live Phish: 8/13/10 Verizon Wireless Music Center, Noblesville, IN",Album,2011,MPREb_MXXlMYHsoQv
Various Artists,True Life Blues: The Songs Of Bill Monroe,Album,1996,MPREb_rhfYz30xKzE
Various Artists,Classic Mountain Songs from Smithsonian Folkways,Album,2002,MPREb_tBfX62VgK90
The Foghorn Stringband,Outshine The Sun,Album,2012,MPREb_lzpxAUST9pR
Tune-Yards,W H O K I L L,Album,2011,MPREb_rGtiHpydOFW
Various Artists,"The Ultimate Collection, Vol. 1",Album,2010,MPREb_XMEBSk9mN8D
Various Artists,Trojan Reggae Sisters Collection,Album,2009,MPREb_ehTDHO6MYyD
Various Artists,Trojan Skinhead Reggae Collection,Album,2009,MPREb_nh58ks8cllX
Supertramp,Even In The Quietest Moments,EP,1977,MPREb_8XjS5hgQw1J
"Johann Sebastian Bach, Judith Norell, Linda Wetherill",Bach for Flute & Harpsichord,Album,2009,MPREb_pdbDV46BCc8
Lana Del Rey,Born To Die,Album,2012,MPREb_22IaufBRIzt
Floodwood,This Is Life,Album,2013,MPREb_B6iAodp86jo
Locust Honey String Band,He Ain't No Good,Album,2012,MPREb_DJ7v92veP5c
Bryan Sutton,Not Too Far From The Tree,Album,2006,MPREb_eYipksOPLpK
"Frank Wakefield, Red Allen",The Kitchen Tapes,Album,1994,MPREb_I3L8SNhCkwM
Various Artists,"Part of Your History, The Songs of John Hartford",Album,2005,MPREb_OjzJqp3j0nP
Shpongle,Museum of Consciousness,Album,2013,MPREb_afA67I4Kagz
The Dustbowl Revival,Carry Me Home,Album,2013,MPREb_gfIu9hnZGPJ
Doc Watson,The Definitive,Album,2013,MPREb_7JqeNzXLBkr
Charley Patton,Rough Guide to Charley Patton,Album,2012,MPREb_tDRwcWCSz9u
Keller & The Keels,Thief,Album,2010,MPREb_gAigm6nsjv0
Bill Monroe,Uncle Pen - Live,Album,2009,MPREb_yiHOEPDRRyC
